OBJECTID,STATEFP,COUNTYFP,TRACTCE,GEOID,NAME,NAMELSAD,MTFCC,FUNCSTAT,ALAND,AWATER,INTPTLAT,INTPTLON,Shape__Are,Shape__Len,geo_text,census_Tract,pharm_desert_2020,ID,sourceCountry,ENRICH_FID,aggregationMethod,populationToPolygonSizeRating,apportionmentConfidence,HasData,HAI_CY
1,06,037,600601,06037600601,6006.01,Census Tract 6006.01,G5020,S,646831,0,+33.9418498,-118.3220544,942220.226562,3878.25603722,A06037600601,600601,,0,US,1,"BlockApportionment:US.BlockGroups;PointsLayer:US.BlockPoints",2.191,2.576,0,0
2,06,111,008304,06111008304,83.04,Census Tract 83.04,G5020,S,3564268,32835,+34.2669104,-118.6580693,5279869.17188,13131.5337998,A06111008304,8304,,1,US,2,"BlockApportionment:US.BlockGroups;PointsLayer:US.BlockPoints",2.191,2.576,0,0
3,06,037,540501,06037540501,5405.01,Census Tract 5405.01,G5020,S,1452738,0,+33.9247081,-118.2193041,2115310.24219,7006.0154359,A06037540501,540501,,2,US,3,"BlockApportionment:US.BlockGroups;PointsLayer:US.BlockPoints",2.191,2.576,0,0
4,06,037,532700,06037532700,5327,Census Tract 5327,G5020,S,771359,0,+33.9852598,-118.2413457,1124754.61328,5015.31417045,A06037532700,532700,,3,US,4,"BlockApportionment:US.BlockGroups;PointsLayer:US.BlockPoints",2.191,2.576,0,0
5,06,037,300701,06037300701,3007.01,Census Tract 3007.01,G5020,S,13349197,59420,+34.2038347,-118.2517672,19651504.2031,23839.0072396,A06037300701,300701,,4,US,5,"BlockApportionment:US.BlockGroups;PointsLayer:US.BlockPoints",2.191,2.576,0,0
6,06,037,800101,06037800101,8001.01,Census Tract 8001.01,G5020,S,8096238,0,+34.1340646,-118.6268305,11846596.9648,20563.4355911,A06037800101,800101,,5,US,6,"BlockApportionment:US.BlockGroups;PointsLayer:US.BlockPoints",2.191,2.576,0,0
7,06,037,544002,06037544002,5440.02,Census Tract 5440.02,G5020,S,1601444,0,+33.8304307,-118.2159639,2326741.52344,7437.34824849,A06037544002,544002,,6,US,7,"BlockApportionment:US.BlockGroups;PointsLayer:US.BlockPoints",2.191,2.576,0,0
8,06,037,480802,06037480802,4808.02,Census Tract 4808.02,G5020,S,1713243,0,+34.0820626,-118.1526495,2503801.65625,7012.41160814,A06037480802,480802,,7,US,8,"BlockApportionment:US.BlockGroups;PointsLayer:US.BlockPoints",2.191,2.576,0,0
9,06,037,701201,06037701201,7012.01,Census Tract 7012.01,G5020,S,1941997,0,+34.0412036,-118.4943488,2835403.57422,6800.43022993,A06037701201,701201,,8,US,9,"BlockApportionment:US.BlockGroups;PointsLayer:US.BlockPoints",2.191,2.576,0,0
10,06,037,670602,06037670602,6706.02,Census Tract 6706.02,G5020,S,14244730,7255809,+33.7435400,-118.3696354,31173041.4883,37959.2462647,A06037670602,670602,,9,US,10,"BlockApportionment:US.BlockGroups;PointsLayer:US.BlockPoints",2.191,2.576,0,0
11,06,037,650200,06037650200,6502,Census Tract 6502,G5020,S,2424179,0,+33.8628071,-118.3318539,3524740.10156,11087.713224,A06037650200,650200,,10,US,11,"BlockApportionment:US.BlockGroups;PointsLayer:US.BlockPoints",2.191,2.576,0,0
12,06,037,535606,06037535606,5356.06,Census Tract 5356.06,G5020,S,185791,0,+33.9476557,-118.2252846,270672.484375,2760.01256001,A06037535606,535606,,11,US,12,"BlockApportionment:US.BlockGroups;PointsLayer:US.BlockPoints",2.191,2.576,0,0
13,06,037,702501,06037702501,7025.01,Census Tract 7025.01,G5020,S,1333945,9889,+34.0146198,-118.3963576,1960855.35547,5939.83996148,A06037702501,702501,,12,US,13,"BlockApportionment:US.BlockGroups;PointsLayer:US.BlockPoints",2.191,2.576,0,0
14,06,037,601401,06037601401,6014.01,Census Tract 6014.01,G5020,S,1573101,0,+33.9590575,-118.3700611,2292398.14844,6727.65713146,A06037601401,601401,,13,US,14,"BlockApportionment:US.BlockGroups;PointsLayer:US.BlockPoints",2.191,2.576,0,0
15,06,037,702801,06037702801,7028.01,Census Tract 7028.01,G5020,S,1194168,0,+34.0114681,-118.4101859,1742333.68359,5513.28759069,A06037702801,702801,,14,US,15,"BlockApportionment:US.BlockGroups;PointsLayer:US.BlockPoints",2.191,2.576,0,0
16,06,037,300400,06037300400,3004,Census Tract 3004,G5020,S,2003274,4708,+34.2284548,-118.2563999,2944711.32812,8803.05320611,A06037300400,300400,,15,US,16,"BlockApportionment:US.BlockGroups;PointsLayer:US.BlockPoints",2.191,2.576,0,0
17,06,037,670001,06037670001,6700.01,Census Tract 6700.01,G5020,S,939601,0,+33.8038640,-118.3166168,1364308.98047,6084.41420854,A06037670001,670001,,16,US,17,"BlockApportionment:US.BlockGroups;PointsLayer:US.BlockPoints",2.191,2.576,0,0
18,06,037,920312,06037920312,9203.12,Census Tract 9203.12,G5020,S,12756210,4780,+34.3629821,-118.5258812,18771265.6641,21452.2176828,A06037920312,920312,,17,US,18,"BlockApportionment:US.BlockGroups;PointsLayer:US.BlockPoints",2.191,2.576,0,0
19,06,037,302104,06037302104,3021.04,Census Tract 3021.04,G5020,S,569424,0,+34.1453999,-118.2320955,833415.746094,4525.52544172,A06037302104,302104,,18,US,19,"BlockApportionment:US.BlockGroups;PointsLayer:US.BlockPoints",2.191,2.576,0,0
20,06,037,531202,06037531202,5312.02,Census Tract 5312.02,G5020,S,447318,0,+34.0257387,-118.1859280,652872.148438,3891.18670908,A06037531202,531202,,19,US,20,"BlockApportionment:US.BlockGroups;PointsLayer:US.BlockPoints",2.191,2.576,0,0
21,06,037,670100,06037670100,6701,Census Tract 6701,G5020,S,1451232,0,+33.7847663,-118.3159883,2106265.80469,9210.58990305,A06037670100,670100,,20,US,21,"BlockApportionment:US.BlockGroups;PointsLayer:US.BlockPoints",2.191,2.576,0,0
22,06,037,543400,06037543400,5434,Census Tract 5434,G5020,S,2923902,180427,+33.8526247,-118.2687215,4512983.03906,9952.83953735,A06037543400,543400,,21,US,22,"BlockApportionment:US.BlockGroups;PointsLayer:US.BlockPoints",2.191,2.576,0,0
23,06,037,543604,06037543604,5436.04,Census Tract 5436.04,G5020,S,2603075,24156,+33.8095428,-118.2795060,3815148.23828,8304.04580517,A06037543604,543604,,22,US,23,"BlockApportionment:US.BlockGroups;PointsLayer:US.BlockPoints",2.191,2.576,0,0
24,06,037,700101,06037700101,7001.01,Census Tract 7001.01,G5020,S,674088,0,+34.0925747,-118.3524483,985383.886719,5012.90317199,A06037700101,700101,,23,US,24,"BlockApportionment:US.BlockGroups;PointsLayer:US.BlockPoints",2.191,2.576,0,0
25,06,037,535607,06037535607,5356.07,Census Tract 5356.07,G5020,S,941321,0,+33.9419438,-118.2211115,1371193.10938,5345.0412179,A06037535607,535607,,24,US,25,"BlockApportionment:US.BlockGroups;PointsLayer:US.BlockPoints",2.191,2.576,0,0
26,06,037,301000,06037301000,3010,Census Tract 3010,G5020,S,2048659,21482,+34.1564802,-118.2309561,3030691.14062,7786.80361604,A06037301000,301000,,25,US,26,"BlockApportionment:US.BlockGroups;PointsLayer:US.BlockPoints",2.191,2.576,0,0
27,06,037,572600,06037572600,5726,Census Tract 5726,G5020,S,1223342,49301,+33.8071157,-118.2140846,1848066.73438,5774.0288289,A06037572600,572600,,26,US,27,"BlockApportionment:US.BlockGroups;PointsLayer:US.BlockPoints",2.191,2.576,0,0
28,06,037,701701,06037701701,7017.01,Census Tract 7017.01,G5020,S,656547,0,+34.0323370,-118.4722531,958391.183594,4832.13763556,A06037701701,701701,,27,US,28,"BlockApportionment:US.BlockGroups;PointsLayer:US.BlockPoints",2.191,2.576,0,0
29,06,037,701602,06037701602,7016.02,Census Tract 7016.02,G5020,S,660538,0,+34.0350094,-118.4754273,964286.640625,4835.19522206,A06037701602,701602,,28,US,29,"BlockApportionment:US.BlockGroups;PointsLayer:US.BlockPoints",2.191,2.576,0,0
30,06,037,600704,06037600704,6007.04,Census Tract 6007.04,G5020,S,951773,12266,+33.9545341,-118.3237463,1404756.48438,4854.83870483,A06037600704,600704,,29,US,30,"BlockApportionment:US.BlockGroups;PointsLayer:US.BlockPoints",2.191,2.576,0,0
31,06,037,701601,06037701601,7016.01,Census Tract 7016.01,G5020,S,1229471,3025,+34.0389491,-118.4799628,1799423.44531,6022.52316864,A06037701601,701601,,30,US,31,"BlockApportionment:US.BlockGroups;PointsLayer:US.BlockPoints",2.191,2.576,0,0
32,06,037,601302,06037601302,6013.02,Census Tract 6013.02,G5020,S,1219665,0,+33.9692983,-118.3644406,1777774.21484,7237.18148674,A06037601302,601302,,31,US,32,"BlockApportionment:US.BlockGroups;PointsLayer:US.BlockPoints",2.191,2.576,0,0
33,06,037,620102,06037620102,6201.02,Census Tract 6201.02,G5020,S,871913,0,+33.9201935,-118.4180630,1269443.45703,5884.15800804,A06037620102,620102,,32,US,33,"BlockApportionment:US.BlockGroups;PointsLayer:US.BlockPoints",2.191,2.576,0,0
34,06,037,601301,06037601301,6013.01,Census Tract 6013.01,G5020,S,614464,0,+33.9791778,-118.3638240,895848.800781,4071.80906796,A06037601301,601301,,33,US,34,"BlockApportionment:US.BlockGroups;PointsLayer:US.BlockPoints",2.191,2.576,0,0
35,06,037,700502,06037700502,7005.02,Census Tract 7005.02,G5020,S,504038,0,+34.0902917,-118.3807073,736765.066406,3984.07524628,A06037700502,700502,,34,US,35,"BlockApportionment:US.BlockGroups;PointsLayer:US.BlockPoints",2.191,2.576,0,0
36,06,037,301702,06037301702,3017.02,Census Tract 3017.02,G5020,S,824880,0,+34.1511584,-118.2692352,1207468.26953,4522.20467005,A06037301702,301702,,35,US,36,"BlockApportionment:US.BlockGroups;PointsLayer:US.BlockPoints",2.191,2.576,1,0
37,06,037,543905,06037543905,5439.05,Census Tract 5439.05,G5020,S,2742579,1393,+33.8155623,-118.2550214,3985397.41797,8911.95878872,A06037543905,543905,,36,US,37,"BlockApportionment:US.BlockGroups;PointsLayer:US.BlockPoints",2.191,2.576,0,0
38,06,037,212501,06037212501,2125.01,Census Tract 2125.01,G5020,S,79596,0,+34.0560700,-118.3053637,116254.761719,1402.05277895,A06037212501,212501,,37,US,38,"BlockApportionment:US.BlockGroups;PointsLayer:US.BlockPoints",2.191,2.576,1,0
39,06,037,700801,06037700801,7008.01,Census Tract 7008.01,G5020,S,1454766,0,+34.0717107,-118.3967808,2125542.94531,7395.17921472,A06037700801,700801,,38,US,39,"BlockApportionment:US.BlockGroups;PointsLayer:US.BlockPoints",2.191,2.576,0,0
40,06,037,209104,06037209104,2091.04,Census Tract 2091.04,G5020,S,69958,0,+34.0591782,-118.2663761,102184.722656,1415.29236684,A06037209104,209104,,39,US,40,"BlockApportionment:US.BlockGroups;PointsLayer:US.BlockPoints",2.191,2.576,1,0
41,06,037,600911,06037600911,6009.11,Census Tract 6009.11,G5020,S,683105,0,+33.9786571,-118.3522115,995911.863281,4191.73377574,A06037600911,600911,,40,US,41,"BlockApportionment:US.BlockGroups;PointsLayer:US.BlockPoints",2.191,2.576,0,0
42,06,037,540901,06037540901,5409.01,Census Tract 5409.01,G5020,S,1163425,331,+33.9194635,-118.2717325,1694324.55469,5821.54781261,A06037540901,540901,,41,US,42,"BlockApportionment:US.BlockGroups;PointsLayer:US.BlockPoints",2.191,2.576,0,0
43,06,037,700902,06037700902,7009.02,Census Tract 7009.02,G5020,S,954427,0,+34.0620828,-118.3944002,1394190.45703,4769.61582216,A06037700902,700902,,42,US,43,"BlockApportionment:US.BlockGroups;PointsLayer:US.BlockPoints",2.191,2.576,0,0
44,06,037,543501,06037543501,5435.01,Census Tract 5435.01,G5020,S,2660821,6246,+33.8387785,-118.2825106,3875842.6875,12756.7118301,A06037543501,543501,,43,US,44,"BlockApportionment:US.BlockGroups;PointsLayer:US.BlockPoints",2.191,2.576,0,0
45,06,037,540902,06037540902,5409.02,Census Tract 5409.02,G5020,S,2515150,1031,+33.9109785,-118.2718223,3662459.52344,7645.84630347,A06037540902,540902,,44,US,45,"BlockApportionment:US.BlockGroups;PointsLayer:US.BlockPoints",2.191,2.576,0,0
46,06,037,540300,06037540300,5403,Census Tract 5403,G5020,S,1531882,0,+33.9335726,-118.2196227,2231006.83984,8068.53871574,A06037540300,540300,,45,US,46,"BlockApportionment:US.BlockGroups;PointsLayer:US.BlockPoints",2.191,2.576,0,0
47,06,037,189903,06037189903,1899.03,Census Tract 1899.03,G5020,S,83968,0,+34.1025151,-118.3477123,122772.839844,1528.00440101,A06037189903,189903,,46,US,47,"BlockApportionment:US.BlockGroups;PointsLayer:US.BlockPoints",2.191,2.576,1,56
48,06,037,211921,06037211921,2119.21,Census Tract 2119.21,G5020,S,92665,0,+34.0672320,-118.2929020,135377.773438,1530.66351459,A06037211921,211921,,47,US,48,"BlockApportionment:US.BlockGroups;PointsLayer:US.BlockPoints",2.191,2.576,1,0
49,06,037,211922,06037211922,2119.22,Census Tract 2119.22,G5020,S,92893,0,+34.0672221,-118.2953981,135711.703125,1531.8404134,A06037211922,211922,,48,US,49,"BlockApportionment:US.BlockGroups;PointsLayer:US.BlockPoints",2.191,2.576,1,0
50,06,037,600201,06037600201,6002.01,Census Tract 6002.01,G5020,S,585704,0,+33.9482522,-118.2972695,853303.125,4202.34184415,A06037600201,600201,,49,US,50,"BlockApportionment:US.BlockGroups;PointsLayer:US.BlockPoints",2.191,2.576,0,0
51,06,037,650101,06037650101,6501.01,Census Tract 6501.01,G5020,S,1896575,6911,+33.8681429,-118.3164997,2767950.27344,6803.84392878,A06037650101,650101,,0,US,51,"BlockApportionment:US.BlockGroups;PointsLayer:US.BlockPoints",2.191,2.576,0,0
52,06,037,212305,06037212305,2123.05,Census Tract 2123.05,G5020,S,108058,0,+34.0561038,-118.2981624,157825.378906,1605.70791424,A06037212305,212305,,1,US,52,"BlockApportionment:US.BlockGroups;PointsLayer:US.BlockPoints",2.191,2.576,1,0
53,06,037,602900,06037602900,6029,Census Tract 6029,G5020,S,2796887,1146,+33.9079762,-118.3065724,4072688.96094,10022.8171499,A06037602900,602900,,2,US,53,"BlockApportionment:US.BlockGroups;PointsLayer:US.BlockPoints",2.191,2.576,0,0
54,06,037,700802,06037700802,7008.02,Census Tract 7008.02,G5020,S,685523,0,+34.0684226,-118.3820811,1001533.375,5558.85647042,A06037700802,700802,,3,US,54,"BlockApportionment:US.BlockGroups;PointsLayer:US.BlockPoints",2.191,2.576,0,0
55,06,037,212203,06037212203,2122.03,Census Tract 2122.03,G5020,S,106316,0,+34.0597622,-118.2903562,155292.960938,1659.21593496,A06037212203,212203,,4,US,55,"BlockApportionment:US.BlockGroups;PointsLayer:US.BlockPoints",2.191,2.576,1,0
56,06,037,543603,06037543603,5436.03,Census Tract 5436.03,G5020,S,1478167,0,+33.8044719,-118.2937967,2146337.92188,6445.14988756,A06037543603,543603,,5,US,56,"BlockApportionment:US.BlockGroups;PointsLayer:US.BlockPoints",2.191,2.576,0,0
57,06,037,480600,06037480600,4806,Census Tract 4806,G5020,S,2332424,30197,+34.1193401,-118.1551292,3455853.96484,10609.9611697,A06037480600,480600,,6,US,57,"BlockApportionment:US.BlockGroups;PointsLayer:US.BlockPoints",2.191,2.576,0,0
58,06,037,208904,06037208904,2089.04,Census Tract 2089.04,G5020,S,112105,0,+34.0595681,-118.2700929,163747.855469,1682.05038043,A06037208904,208904,,7,US,58,"BlockApportionment:US.BlockGroups;PointsLayer:US.BlockPoints",2.191,2.576,1,0
59,06,037,603101,06037603101,6031.01,Census Tract 6031.01,G5020,S,881550,0,+33.8867825,-118.2954546,1282486.69531,4653.76835745,A06037603101,603101,,8,US,59,"BlockApportionment:US.BlockGroups;PointsLayer:US.BlockPoints",2.191,2.576,0,0
60,06,037,119340,06037119340,1193.40,Census Tract 1193.40,G5020,S,122149,0,+34.2336090,-118.4519009,179150.230469,1710.52739726,A06037119340,119340,,9,US,60,"BlockApportionment:US.BlockGroups;PointsLayer:US.BlockPoints",2.191,2.576,1,0
61,06,037,209103,06037209103,2091.03,Census Tract 2091.03,G5020,S,124015,0,+34.0571100,-118.2640302,181136.515625,1729.66912289,A06037209103,209103,,10,US,61,"BlockApportionment:US.BlockGroups;PointsLayer:US.BlockPoints",2.191,2.576,1,0
62,06,037,320201,06037320201,3202.01,Census Tract 3202.01,G5020,S,918376,0,+34.2860283,-118.4396292,1348604.70312,6077.91387246,A06037320201,320201,,11,US,62,"BlockApportionment:US.BlockGroups;PointsLayer:US.BlockPoints",2.191,2.576,0,0
63,06,037,310400,06037310400,3104,Census Tract 3104,G5020,S,1406752,0,+34.2026770,-118.3354064,2061711.45312,7497.96900764,A06037310400,310400,,12,US,63,"BlockApportionment:US.BlockGroups;PointsLayer:US.BlockPoints",2.191,2.576,0,0
64,06,037,209402,06037209402,2094.02,Census Tract 2094.02,G5020,S,136235,0,+34.0546619,-118.2772210,198970.402344,1786.62515906,A06037209402,209402,,13,US,64,"BlockApportionment:US.BlockGroups;PointsLayer:US.BlockPoints",2.191,2.576,1,0
65,06,037,209403,06037209403,2094.03,Census Tract 2094.03,G5020,S,138199,0,+34.0531328,-118.2738446,201834.78125,1798.54018965,A06037209403,209403,,14,US,65,"BlockApportionment:US.BlockGroups;PointsLayer:US.BlockPoints",2.191,2.576,1,0
66,06,037,211910,06037211910,2119.10,Census Tract 2119.10,G5020,S,137966,0,+34.0672078,-118.2985036,201558.300781,1802.02476625,A06037211910,211910,,15,US,66,"BlockApportionment:US.BlockGroups;PointsLayer:US.BlockPoints",2.191,2.576,1,77
67,06,037,207501,06037207501,2075.01,Census Tract 2075.01,G5020,S,134327,0,+34.0564422,-118.2529675,196192.015625,1803.18399849,A06037207501,207501,,16,US,67,"BlockApportionment:US.BlockGroups;PointsLayer:US.BlockPoints",2.191,2.576,1,54
68,06,037,212102,06037212102,2121.02,Census Tract 2121.02,G5020,S,138654,0,+34.0635726,-118.2984976,202548.632812,1806.45254284,A06037212102,212102,,17,US,68,"BlockApportionment:US.BlockGroups;PointsLayer:US.BlockPoints",2.191,2.576,1,0
69,06,037,211803,06037211803,2118.03,Census Tract 2118.03,G5020,S,139528,0,+34.0671880,-118.3022323,203840.699219,1811.38497206,A06037211803,211803,,18,US,69,"BlockApportionment:US.BlockGroups;PointsLayer:US.BlockPoints",2.191,2.576,1,118
70,06,037,211201,06037211201,2112.01,Census Tract 2112.01,G5020,S,139369,0,+34.0745294,-118.2984693,203642.707031,1811.41951682,A06037211201,211201,,19,US,70,"BlockApportionment:US.BlockGroups;PointsLayer:US.BlockPoints",2.191,2.576,1,34
71,06,037,701304,06037701304,7013.04,Census Tract 7013.04,G5020,S,2080173,243797,+34.0293136,-118.5076229,3392158.01953,8640.4101848,A06037701304,701304,,20,US,71,"BlockApportionment:US.BlockGroups;PointsLayer:US.BlockPoints",2.191,2.576,0,0
72,06,037,535001,06037535001,5350.01,Census Tract 5350.01,G5020,S,449783,0,+33.9714062,-118.2531399,655636.105469,3261.01109828,A06037535001,535001,,21,US,72,"BlockApportionment:US.BlockGroups;PointsLayer:US.BlockPoints",2.191,2.576,0,0
73,06,037,211310,06037211310,2113.10,Census Tract 2113.10,G5020,S,143949,0,+34.0709091,-118.2984930,210316.808594,1841.91069276,A06037211310,211310,,22,US,73,"BlockApportionment:US.BlockGroups;PointsLayer:US.BlockPoints",2.191,2.576,1,36
74,06,037,301601,06037301601,3016.01,Census Tract 3016.01,G5020,S,2257346,1299,+34.1623874,-118.2865467,3307243.41406,9630.96327835,A06037301601,301601,,23,US,74,"BlockApportionment:US.BlockGroups;PointsLayer:US.BlockPoints",2.191,2.576,0,0
75,06,037,600801,06037600801,6008.01,Census Tract 6008.01,G5020,S,971032,0,+33.9654794,-118.3221115,1415250.28906,4913.5121838,A06037600801,600801,,24,US,75,"BlockApportionment:US.BlockGroups;PointsLayer:US.BlockPoints",2.191,2.576,0,0
76,06,037,208301,06037208301,2083.01,Census Tract 2083.01,G5020,S,92955,0,+34.0619781,-118.2658491,135783.3125,1910.01648077,A06037208301,208301,,25,US,76,"BlockApportionment:US.BlockGroups;PointsLayer:US.BlockPoints",2.191,2.576,1,0
77,06,037,651001,06037651001,6510.01,Census Tract 6510.01,G5020,S,1416729,1784,+33.8123572,-118.3130811,2060096.71875,7013.47784236,A06037651001,651001,,26,US,77,"BlockApportionment:US.BlockGroups;PointsLayer:US.BlockPoints",2.191,2.576,0,0
78,06,037,212303,06037212303,2123.03,Census Tract 2123.03,G5020,S,155646,0,+34.0597633,-118.2935144,227347.308594,1923.2331426,A06037212303,212303,,27,US,78,"BlockApportionment:US.BlockGroups;PointsLayer:US.BlockPoints",2.191,2.576,1,0
79,06,037,190402,06037190402,1904.02,Census Tract 1904.02,G5020,S,157146,0,+34.1035491,-118.3071514,229773.921875,1924.52910784,A06037190402,190402,,28,US,79,"BlockApportionment:US.BlockGroups;PointsLayer:US.BlockPoints",2.191,2.576,1,0
80,06,037,302505,06037302505,3025.05,Census Tract 3025.05,G5020,S,536495,0,+34.1273036,-118.2530810,784885.296875,5866.75497398,A06037302505,302505,,29,US,80,"BlockApportionment:US.BlockGroups;PointsLayer:US.BlockPoints",2.191,2.576,0,0
81,06,037,189904,06037189904,1899.04,Census Tract 1899.04,G5020,S,159600,0,+34.0997191,-118.3467929,233341.570312,1946.67944102,A06037189904,189904,,30,US,81,"BlockApportionment:US.BlockGroups;PointsLayer:US.BlockPoints",2.191,2.576,1,0
82,06,037,600702,06037600702,6007.02,Census Tract 6007.02,G5020,S,2387148,43367,+33.9497147,-118.3335012,3541140.12891,8886.79296846,A06037600702,600702,,31,US,82,"BlockApportionment:US.BlockGroups;PointsLayer:US.BlockPoints",2.191,2.576,0,0
83,06,037,602802,06037602802,6028.02,Census Tract 6028.02,G5020,S,1335285,0,+33.9201775,-118.3003773,1944088.23828,5893.33361139,A06037602802,602802,,32,US,83,"BlockApportionment:US.BlockGroups;PointsLayer:US.BlockPoints",2.191,2.576,0,0
84,06,037,540600,06037540600,5406,Census Tract 5406,G5020,S,937162,0,+33.9243583,-118.2341162,1364580.67578,4750.9272974,A06037540600,540600,,33,US,84,"BlockApportionment:US.BlockGroups;PointsLayer:US.BlockPoints",2.191,2.576,0,0
85,06,037,603102,06037603102,6031.02,Census Tract 6031.02,G5020,S,745751,0,+33.8771829,-118.2952310,1084678.80859,4181.46845512,A06037603102,603102,,34,US,85,"BlockApportionment:US.BlockGroups;PointsLayer:US.BlockPoints",2.191,2.576,0,0
86,06,037,190401,06037190401,1904.01,Census Tract 1904.01,G5020,S,166929,0,+34.1035718,-118.3027866,244080.1875,1972.70878516,A06037190401,190401,,35,US,86,"BlockApportionment:US.BlockGroups;PointsLayer:US.BlockPoints",2.191,2.576,1,0
87,06,037,602801,06037602801,6028.01,Census Tract 6028.01,G5020,S,1253728,0,+33.9274020,-118.3001717,1825647.68359,5796.03316765,A06037602801,602801,,36,US,87,"BlockApportionment:US.BlockGroups;PointsLayer:US.BlockPoints",2.191,2.576,0,0
88,06,037,600100,06037600100,6001,Census Tract 6001,G5020,S,757581,0,+33.9551471,-118.2956255,1103885.52734,4547.26072644,A06037600100,600100,,37,US,88,"BlockApportionment:US.BlockGroups;PointsLayer:US.BlockPoints",2.191,2.576,0,0
89,06,037,209810,06037209810,2098.10,Census Tract 2098.10,G5020,S,149829,0,+34.0491173,-118.2823449,218798.914062,1995.521087,A06037209810,209810,,38,US,89,"BlockApportionment:US.BlockGroups;PointsLayer:US.BlockPoints",2.191,2.576,1,0
90,06,037,800204,06037800204,8002.04,Census Tract 8002.04,G5020,S,7957763,90645,+34.1453278,-118.6590622,11779998.4922,21649.1877104,A06037800204,800204,,39,US,90,"BlockApportionment:US.BlockGroups;PointsLayer:US.BlockPoints",2.191,2.576,0,0
91,06,037,701000,06037701000,7010,Census Tract 7010,G5020,S,1422538,0,+34.0618692,-118.4057731,2077955.55078,6949.48024575,A06037701000,701000,,40,US,91,"BlockApportionment:US.BlockGroups;PointsLayer:US.BlockPoints",2.191,2.576,0,0
92,06,037,301602,06037301602,3016.02,Census Tract 3016.02,G5020,S,986836,9553,+34.1621154,-118.2987272,1458876.20312,5713.7676495,A06037301602,301602,,41,US,92,"BlockApportionment:US.BlockGroups;PointsLayer:US.BlockPoints",2.191,2.576,0,0
93,06,037,702700,06037702700,7027,Census Tract 7027,G5020,S,1339404,11605,+34.0058662,-118.4009840,1970891.42969,6482.60634574,A06037702700,702700,,42,US,93,"BlockApportionment:US.BlockGroups;PointsLayer:US.BlockPoints",2.191,2.576,0,0
94,06,037,703100,06037703100,7031,Census Tract 7031,G5020,S,2662194,1987,+33.9917092,-118.3544096,3885454.64062,9860.74600071,A06037703100,703100,,43,US,94,"BlockApportionment:US.BlockGroups;PointsLayer:US.BlockPoints",2.191,2.576,0,0
95,06,037,212410,06037212410,2124.10,Census Tract 2124.10,G5020,S,157191,0,+34.0595607,-118.3022261,229603.019531,2045.04269906,A06037212410,212410,,44,US,95,"BlockApportionment:US.BlockGroups;PointsLayer:US.BlockPoints",2.191,2.576,1,0
96,06,037,211202,06037211202,2112.02,Census Tract 2112.02,G5020,S,179169,0,+34.0745209,-118.2941130,261796.445312,2048.09205918,A06037211202,211202,,45,US,96,"BlockApportionment:US.BlockGroups;PointsLayer:US.BlockPoints",2.191,2.576,1,0
97,06,037,120103,06037120103,1201.03,Census Tract 1201.03,G5020,S,138471,0,+34.2297200,-118.4517987,203069.855469,2081.73955372,A06037120103,120103,,46,US,97,"BlockApportionment:US.BlockGroups;PointsLayer:US.BlockPoints",2.191,2.576,1,64
98,06,037,208710,06037208710,2087.10,Census Tract 2087.10,G5020,S,170380,0,+34.0657276,-118.2825414,248905.066406,2082.16689396,A06037208710,208710,,47,US,98,"BlockApportionment:US.BlockGroups;PointsLayer:US.BlockPoints",2.191,2.576,1,61
99,06,037,208902,06037208902,2089.02,Census Tract 2089.02,G5020,S,184049,0,+34.0564462,-118.2723721,268817.648438,2084.19123274,A06037208902,208902,,48,US,99,"BlockApportionment:US.BlockGroups;PointsLayer:US.BlockPoints",2.191,2.576,1,0
100,06,037,212101,06037212101,2121.01,Census Tract 2121.01,G5020,S,185780,0,+34.0635956,-118.2941415,271388.582031,2088.52696517,A06037212101,212101,,49,US,100,"BlockApportionment:US.BlockGroups;PointsLayer:US.BlockPoints",2.191,2.576,1,40
101,06,037,211804,06037211804,2118.04,Census Tract 2118.04,G5020,S,185958,0,+34.0671619,-118.3066067,271673.476562,2089.3795255,A06037211804,211804,,0,US,101,"BlockApportionment:US.BlockGroups;PointsLayer:US.BlockPoints",2.191,2.576,1,24
102,06,037,211320,06037211320,2113.20,Census Tract 2113.20,G5020,S,186272,0,+34.0708715,-118.2941394,272154.601562,2090.39218177,A06037211320,211320,,1,US,102,"BlockApportionment:US.BlockGroups;PointsLayer:US.BlockPoints",2.191,2.576,1,0
103,06,037,209820,06037209820,2098.20,Census Tract 2098.20,G5020,S,179107,0,+34.0472132,-118.2782548,261540.511719,2095.73529857,A06037209820,209820,,2,US,103,"BlockApportionment:US.BlockGroups;PointsLayer:US.BlockPoints",2.191,2.576,1,28
104,06,037,211703,06037211703,2117.03,Census Tract 2117.03,G5020,S,184109,0,+34.0671467,-118.3115820,268970.171875,2098.70269226,A06037211703,211703,,3,US,104,"BlockApportionment:US.BlockGroups;PointsLayer:US.BlockPoints",2.191,2.576,1,33
105,06,037,211704,06037211704,2117.04,Census Tract 2117.04,G5020,S,184945,0,+34.0635115,-118.3115783,270170.125,2117.09207104,A06037211704,211704,,4,US,105,"BlockApportionment:US.BlockGroups;PointsLayer:US.BlockPoints",2.191,2.576,1,36
106,06,037,265303,06037265303,2653.03,Census Tract 2653.03,G5020,S,148001,0,+34.0672740,-118.4534107,216219.074219,2120.80503912,A06037265303,265303,,5,US,106,"BlockApportionment:US.BlockGroups;PointsLayer:US.BlockPoints",2.191,2.576,1,13
107,06,037,209510,06037209510,2095.10,Census Tract 2095.10,G5020,S,182484,0,+34.0529626,-118.2819584,266509.886719,2139.69637731,A06037209510,209510,,6,US,107,"BlockApportionment:US.BlockGroups;PointsLayer:US.BlockPoints",2.191,2.576,1,0
108,06,037,575500,06037575500,5755,Census Tract 5755,G5020,S,1316269,59885,+33.7868656,-118.2146254,1997386.29297,6518.97174819,A06037575500,575500,,7,US,108,"BlockApportionment:US.BlockGroups;PointsLayer:US.BlockPoints",2.191,2.576,0,0
109,06,037,265304,06037265304,2653.04,Census Tract 2653.04,G5020,S,130983,0,+34.0677546,-118.4511610,191360.605469,2170.44867666,A06037265304,265304,,8,US,109,"BlockApportionment:US.BlockGroups;PointsLayer:US.BlockPoints",2.191,2.576,1,0
110,06,037,117407,06037117407,1174.07,Census Tract 1174.07,G5020,S,198328,0,+34.2301059,-118.4703116,290853.371094,2175.00693301,A06037117407,117407,,9,US,110,"BlockApportionment:US.BlockGroups;PointsLayer:US.BlockPoints",2.191,2.576,1,0
111,06,037,460800,06037460800,4608,Census Tract 4608,G5020,S,6696355,47178,+34.1609430,-118.1776198,9873790.10547,15595.834546,A06037460800,460800,,10,US,111,"BlockApportionment:US.BlockGroups;PointsLayer:US.BlockPoints",2.191,2.576,0,0
112,06,037,191204,06037191204,1912.04,Census Tract 1912.04,G5020,S,201087,0,+34.0930661,-118.2982811,293953.425781,2181.81007444,A06037191204,191204,,11,US,112,"BlockApportionment:US.BlockGroups;PointsLayer:US.BlockPoints",2.191,2.576,1,35
113,06,037,117405,06037117405,1174.05,Census Tract 1174.05,G5020,S,201834,0,+34.2337311,-118.4702311,296020.550781,2193.37531575,A06037117405,117405,,12,US,113,"BlockApportionment:US.BlockGroups;PointsLayer:US.BlockPoints",2.191,2.576,1,115
114,06,037,535101,06037535101,5351.01,Census Tract 5351.01,G5020,S,1133929,0,+33.9644276,-118.2488118,1652628.99609,6059.37764974,A06037535101,535101,,13,US,114,"BlockApportionment:US.BlockGroups;PointsLayer:US.BlockPoints",2.191,2.576,0,0
115,06,037,191203,06037191203,1912.03,Census Tract 1912.03,G5020,S,205208,0,+34.0931674,-118.2939076,299977.492188,2206.30470395,A06037191203,191203,,14,US,115,"BlockApportionment:US.BlockGroups;PointsLayer:US.BlockPoints",2.191,2.576,1,24
116,06,037,543602,06037543602,5436.02,Census Tract 5436.02,G5020,S,1626375,0,+33.8177518,-118.2928457,2362269.57812,6338.14008461,A06037543602,543602,,15,US,116,"BlockApportionment:US.BlockGroups;PointsLayer:US.BlockPoints",2.191,2.576,0,0
117,06,037,120106,06037120106,1201.06,Census Tract 1201.06,G5020,S,205877,415,+34.2226265,-118.4563815,302482.96875,2240.20127279,A06037120106,120106,,16,US,117,"BlockApportionment:US.BlockGroups;PointsLayer:US.BlockPoints",2.191,2.576,1,58
118,06,037,120107,06037120107,1201.07,Census Tract 1201.07,G5020,S,202445,4839,+34.2256810,-118.4563753,303960.011719,2241.48178792,A06037120107,120107,,17,US,118,"BlockApportionment:US.BlockGroups;PointsLayer:US.BlockPoints",2.191,2.576,1,51
119,06,037,670002,06037670002,6700.02,Census Tract 6700.02,G5020,S,866932,0,+33.7944957,-118.3132363,1258518.66016,4682.96021533,A06037670002,670002,,18,US,119,"BlockApportionment:US.BlockGroups;PointsLayer:US.BlockPoints",2.191,2.576,0,0
120,06,037,119342,06037119342,1193.42,Census Tract 1193.42,G5020,S,219099,0,+34.2407686,-118.4472672,321394.324219,2252.70547228,A06037119342,119342,,19,US,120,"BlockApportionment:US.BlockGroups;PointsLayer:US.BlockPoints",2.191,2.576,1,94
121,06,037,543703,06037543703,5437.03,Census Tract 5437.03,G5020,S,1036654,0,+33.8035208,-118.2698996,1505220.39453,4987.54054835,A06037543703,543703,,20,US,121,"BlockApportionment:US.BlockGroups;PointsLayer:US.BlockPoints",2.191,2.576,0,0
122,06,037,212204,06037212204,2122.04,Census Tract 2122.04,G5020,S,213185,0,+34.0598252,-118.2865323,311396.140625,2264.84323081,A06037212204,212204,,21,US,122,"BlockApportionment:US.BlockGroups;PointsLayer:US.BlockPoints",2.191,2.576,1,26
123,06,037,540400,06037540400,5404,Census Tract 5404,G5020,S,339717,0,+33.9326760,-118.2282402,494753.265625,3045.52421855,A06037540400,540400,,22,US,123,"BlockApportionment:US.BlockGroups;PointsLayer:US.BlockPoints",2.191,2.576,0,0
124,06,037,208401,06037208401,2084.01,Census Tract 2084.01,G5020,S,229678,0,+34.0637659,-118.2691298,335512.4375,2316.49210227,A06037208401,208401,,23,US,124,"BlockApportionment:US.BlockGroups;PointsLayer:US.BlockPoints",2.191,2.576,1,0
125,06,037,221304,06037221304,2213.04,Census Tract 2213.04,G5020,S,227251,0,+34.0453620,-118.3146461,331829.164062,2321.9410981,A06037221304,221304,,24,US,125,"BlockApportionment:US.BlockGroups;PointsLayer:US.BlockPoints",2.191,2.576,1,0
126,06,037,106408,06037106408,1064.08,Census Tract 1064.08,G5020,S,229070,0,+34.3132628,-118.4400764,336598.683594,2326.25988203,A06037106408,106408,,25,US,126,"BlockApportionment:US.BlockGroups;PointsLayer:US.BlockPoints",2.191,2.576,1,59
127,06,037,213401,06037213401,2134.01,Census Tract 2134.01,G5020,S,196100,0,+34.0537069,-118.2879026,286397.648438,2328.44387349,A06037213401,213401,,26,US,127,"BlockApportionment:US.BlockGroups;PointsLayer:US.BlockPoints",2.191,2.576,1,0
128,06,037,216402,06037216402,2164.02,Census Tract 2164.02,G5020,S,229443,0,+34.0611535,-118.3804364,335152.15625,2357.09442802,A06037216402,216402,,27,US,128,"BlockApportionment:US.BlockGroups;PointsLayer:US.BlockPoints",2.191,2.576,1,53
129,06,037,209401,06037209401,2094.01,Census Tract 2094.01,G5020,S,215664,0,+34.0567212,-118.2815247,314993.21875,2346.89515336,A06037209401,209401,,28,US,129,"BlockApportionment:US.BlockGroups;PointsLayer:US.BlockPoints",2.191,2.576,1,0
130,06,037,532900,06037532900,5329,Census Tract 5329,G5020,S,767184,0,+33.9790503,-118.2520343,1118499.82422,4390.9987027,A06037532900,532900,,29,US,130,"BlockApportionment:US.BlockGroups;PointsLayer:US.BlockPoints",2.191,2.576,0,0
131,06,037,106407,06037106407,1064.07,Census Tract 1064.07,G5020,S,232136,0,+34.3105741,-118.4365572,341078.75,2348.34130843,A06037106407,106407,,30,US,131,"BlockApportionment:US.BlockGroups;PointsLayer:US.BlockPoints",2.191,2.576,1,64
132,06,037,209520,06037209520,2095.20,Census Tract 2095.20,G5020,S,231173,0,+34.0505519,-118.2769503,337597.058594,2381.99700152,A06037209520,209520,,31,US,132,"BlockApportionment:US.BlockGroups;PointsLayer:US.BlockPoints",2.191,2.576,1,0
133,06,037,212202,06037212202,2122.02,Census Tract 2122.02,G5020,S,206475,0,+34.0563658,-118.2879321,301569.507812,2385.67077813,A06037212202,212202,,32,US,133,"BlockApportionment:US.BlockGroups;PointsLayer:US.BlockPoints",2.191,2.576,1,0
134,06,037,221303,06037221303,2213.03,Census Tract 2213.03,G5020,S,233968,0,+34.0453825,-118.3084384,341635.078125,2387.90762511,A06037221303,221303,,33,US,134,"BlockApportionment:US.BlockGroups;PointsLayer:US.BlockPoints",2.191,2.576,1,25
135,06,037,600304,06037600304,6003.04,Census Tract 6003.04,G5020,S,445759,0,+33.9353608,-118.2940128,649223.914062,3557.121796,A06037600304,600304,,34,US,135,"BlockApportionment:US.BlockGroups;PointsLayer:US.BlockPoints",2.191,2.576,0,0
136,06,037,208501,06037208501,2085.01,Census Tract 2085.01,G5020,S,243219,0,+34.0695316,-118.2719463,355344.980469,2416.65568534,A06037208501,208501,,35,US,136,"BlockApportionment:US.BlockGroups;PointsLayer:US.BlockPoints",2.191,2.576,1,43
137,06,037,272201,06037272201,2722.01,Census Tract 2722.01,G5020,S,260003,0,+34.0003832,-118.4341265,379253.539062,2466.5402942,A06037272201,272201,,36,US,137,"BlockApportionment:US.BlockGroups;PointsLayer:US.BlockPoints",2.191,2.576,1,36
138,06,037,191420,06037191420,1914.20,Census Tract 1914.20,G5020,S,227178,0,+34.0851215,-118.2881029,332031.738281,2435.73666472,A06037191420,191420,,37,US,138,"BlockApportionment:US.BlockGroups;PointsLayer:US.BlockPoints",2.191,2.576,1,51
139,06,037,190520,06037190520,1905.20,Census Tract 1905.20,G5020,S,243960,0,+34.0999328,-118.3038048,356682.570312,2435.79395253,A06037190520,190520,,38,US,139,"BlockApportionment:US.BlockGroups;PointsLayer:US.BlockPoints",2.191,2.576,1,73
140,06,037,190202,06037190202,1902.02,Census Tract 1902.02,G5020,S,211376,0,+34.1034023,-118.3355352,309068.207031,2447.094344,A06037190202,190202,,39,US,140,"BlockApportionment:US.BlockGroups;PointsLayer:US.BlockPoints",2.191,2.576,1,0
141,06,037,603001,06037603001,6030.01,Census Tract 6030.01,G5020,S,1138424,0,+33.9011403,-118.2957134,1656742.26172,5971.26549042,A06037603001,603001,,40,US,141,"BlockApportionment:US.BlockGroups;PointsLayer:US.BlockPoints",2.191,2.576,0,0
142,06,037,236204,06037236204,2362.04,Census Tract 2362.04,G5020,S,229868,0,+34.0147165,-118.3491895,335410.566406,2467.56462166,A06037236204,236204,,41,US,142,"BlockApportionment:US.BlockGroups;PointsLayer:US.BlockPoints",2.191,2.576,1,0
143,06,037,195903,06037195903,1959.03,Census Tract 1959.03,G5020,S,238084,0,+34.0808128,-118.2824401,347936.066406,2484.55073044,A06037195903,195903,,42,US,143,"BlockApportionment:US.BlockGroups;PointsLayer:US.BlockPoints",2.191,2.576,1,43
144,06,037,224310,06037224310,2243.10,Census Tract 2243.10,G5020,S,180792,0,+34.0443840,-118.2827213,263987.601562,2492.25185739,A06037224310,224310,,43,US,144,"BlockApportionment:US.BlockGroups;PointsLayer:US.BlockPoints",2.191,2.576,1,38
145,06,037,208502,06037208502,2085.02,Census Tract 2085.02,G5020,S,261043,0,+34.0660490,-118.2741645,381356.421875,2497.20276846,A06037208502,208502,,44,US,145,"BlockApportionment:US.BlockGroups;PointsLayer:US.BlockPoints",2.191,2.576,1,0
146,06,037,221110,06037221110,2211.10,Census Tract 2211.10,G5020,S,234230,0,+34.0457195,-118.2878287,342022.996094,2549.32038803,A06037221110,221110,,45,US,146,"BlockApportionment:US.BlockGroups;PointsLayer:US.BlockPoints",2.191,2.576,1,29
147,06,037,208720,06037208720,2087.20,Census Tract 2087.20,G5020,S,164736,0,+34.0627628,-118.2811045,240641.242188,2551.067795,A06037208720,208720,,46,US,147,"BlockApportionment:US.BlockGroups;PointsLayer:US.BlockPoints",2.191,2.576,1,0
148,06,037,191720,06037191720,1917.20,Census Tract 1917.20,G5020,S,264327,0,+34.0887897,-118.3123611,386361.046875,2558.92560089,A06037191720,191720,,47,US,148,"BlockApportionment:US.BlockGroups;PointsLayer:US.BlockPoints",2.191,2.576,1,27
149,06,037,190201,06037190201,1902.01,Census Tract 1902.01,G5020,S,226852,0,+34.1033578,-118.3297140,331696.070312,2560.80507595,A06037190201,190201,,48,US,149,"BlockApportionment:US.BlockGroups;PointsLayer:US.BlockPoints",2.191,2.576,1,0
150,06,037,700501,06037700501,7005.01,Census Tract 7005.01,G5020,S,597660,0,+34.0876355,-118.3878327,873557.09375,5549.90280172,A06037700501,700501,,49,US,150,"BlockApportionment:US.BlockGroups;PointsLayer:US.BlockPoints",2.191,2.576,0,0
151,06,037,204120,06037204120,2041.20,Census Tract 2041.20,G5020,S,263402,0,+34.0338905,-118.2011680,384512.246094,2568.47229274,A06037204120,204120,,0,US,151,"BlockApportionment:US.BlockGroups;PointsLayer:US.BlockPoints",2.191,2.576,1,34
152,06,037,189905,06037189905,1899.05,Census Tract 1899.05,G5020,S,258366,0,+34.1006030,-118.3515882,377750.253906,2572.06108193,A06037189905,189905,,1,US,152,"BlockApportionment:US.BlockGroups;PointsLayer:US.BlockPoints",2.191,2.576,1,50
153,06,037,214503,06037214503,2145.03,Census Tract 2145.03,G5020,S,232314,0,+34.0668419,-118.3541156,339391.375,2573.3027271,A06037214503,214503,,2,US,153,"BlockApportionment:US.BlockGroups;PointsLayer:US.BlockPoints",2.191,2.576,1,0
154,06,037,191620,06037191620,1916.20,Census Tract 1916.20,G5020,S,228850,0,+34.0885854,-118.3027208,334501.109375,2587.61608143,A06037191620,191620,,3,US,154,"BlockApportionment:US.BlockGroups;PointsLayer:US.BlockPoints",2.191,2.576,1,18
155,06,037,208903,06037208903,2089.03,Census Tract 2089.03,G5020,S,159288,0,+34.0597997,-118.2733596,232667.8125,2594.5757654,A06037208903,208903,,4,US,155,"BlockApportionment:US.BlockGroups;PointsLayer:US.BlockPoints",2.191,2.576,1,0
156,06,037,572800,06037572800,5728,Census Tract 5728,G5020,S,1074786,0,+33.7952958,-118.2212087,1560288.17188,6100.93412022,A06037572800,572800,,5,US,156,"BlockApportionment:US.BlockGroups;PointsLayer:US.BlockPoints",2.191,2.576,0,0
157,06,037,228410,06037228410,2284.10,Census Tract 2284.10,G5020,S,277715,0,+34.0137400,-118.2691132,405214.761719,2616.86494444,A06037228410,228410,,6,US,157,"BlockApportionment:US.BlockGroups;PointsLayer:US.BlockPoints",2.191,2.576,1,53
158,06,037,141303,06037141303,1413.03,Census Tract 1413.03,G5020,S,262757,0,+34.1549446,-118.4552465,384662.023438,2618.77876035,A06037141303,141303,,7,US,158,"BlockApportionment:US.BlockGroups;PointsLayer:US.BlockPoints",2.191,2.576,1,70
159,06,037,531101,06037531101,5311.01,Census Tract 5311.01,G5020,S,699592,0,+34.0360923,-118.1885019,1021317.08203,4528.99093649,A06037531101,531101,,8,US,159,"BlockApportionment:US.BlockGroups;PointsLayer:US.BlockPoints",2.191,2.576,0,0
160,06,037,192620,06037192620,1926.20,Census Tract 1926.20,G5020,S,243560,0,+34.0776717,-118.2960541,355910.855469,2675.50109381,A06037192620,192620,,9,US,160,"BlockApportionment:US.BlockGroups;PointsLayer:US.BlockPoints",2.191,2.576,1,0
161,06,037,980013,06037980013,9800.13,Census Tract 9800.13,G5020,S,5308531,0,+33.9164971,-118.3871451,7728197,12611.7432615,A06037980013,980013,,10,US,161,"BlockApportionment:US.BlockGroups;PointsLayer:US.BlockPoints",2.191,2.576,0,0
162,06,037,269602,06037269602,2696.02,Census Tract 2696.02,G5020,S,290591,0,+34.0432688,-118.3844820,424298.253906,2699.34370446,A06037269602,269602,,11,US,162,"BlockApportionment:US.BlockGroups;PointsLayer:US.BlockPoints",2.191,2.576,1,27
163,06,037,264103,06037264103,2641.03,Census Tract 2641.03,G5020,S,230523,0,+34.0549771,-118.4662764,336682.300781,2713.59930486,A06037264103,264103,,12,US,163,"BlockApportionment:US.BlockGroups;PointsLayer:US.BlockPoints",2.191,2.576,1,56
164,06,037,267404,06037267404,2674.04,Census Tract 2674.04,G5020,S,284445,0,+34.0456314,-118.4605333,415344.589844,2715.6306266,A06037267404,267404,,13,US,164,"BlockApportionment:US.BlockGroups;PointsLayer:US.BlockPoints",2.191,2.576,1,56
165,06,037,214901,06037214901,2149.01,Census Tract 2149.01,G5020,S,312677,0,+34.0742811,-118.3872385,456874.320312,2725.57306255,A06037214901,214901,,14,US,165,"BlockApportionment:US.BlockGroups;PointsLayer:US.BlockPoints",2.191,2.576,1,48
166,06,037,302401,06037302401,3024.01,Census Tract 3024.01,G5020,S,1371141,0,+34.1316179,-118.2597456,2006166.0625,6642.08407484,A06037302401,302401,,15,US,166,"BlockApportionment:US.BlockGroups;PointsLayer:US.BlockPoints",2.191,2.576,0,0
167,06,037,191410,06037191410,1914.10,Census Tract 1914.10,G5020,S,311385,0,+34.0887621,-118.2881169,455143.433594,2740.09302387,A06037191410,191410,,16,US,167,"BlockApportionment:US.BlockGroups;PointsLayer:US.BlockPoints",2.191,2.576,1,30
168,06,037,269906,06037269906,2699.06,Census Tract 2699.06,G5020,S,207994,0,+34.0249593,-118.4031746,303566.488281,2748.00059037,A06037269906,269906,,17,US,168,"BlockApportionment:US.BlockGroups;PointsLayer:US.BlockPoints",2.191,2.576,1,67
169,06,037,221810,06037221810,2218.10,Census Tract 2218.10,G5020,S,304336,0,+34.0306568,-118.2923015,444234.492188,2751.66405984,A06037221810,221810,,18,US,169,"BlockApportionment:US.BlockGroups;PointsLayer:US.BlockPoints",2.191,2.576,1,14
170,06,037,600202,06037600202,6002.02,Census Tract 6002.02,G5020,S,829152,0,+33.9426036,-118.2991423,1207821.53125,5357.64929795,A06037600202,600202,,19,US,170,"BlockApportionment:US.BlockGroups;PointsLayer:US.BlockPoints",2.191,2.576,0,0
171,06,037,191110,06037191110,1911.10,Census Tract 1911.10,G5020,S,272751,0,+34.0965841,-118.3049408,398743.734375,2764.17815566,A06037191110,191110,,20,US,171,"BlockApportionment:US.BlockGroups;PointsLayer:US.BlockPoints",2.191,2.576,1,35
172,06,037,211410,06037211410,2114.10,Census Tract 2114.10,G5020,S,270793,0,+34.0726142,-118.3073155,395662.195312,2766.19141123,A06037211410,211410,,21,US,172,"BlockApportionment:US.BlockGroups;PointsLayer:US.BlockPoints",2.191,2.576,1,16
173,06,037,221120,06037221120,2211.20,Census Tract 2211.20,G5020,S,317503,0,+34.0421001,-118.2878972,463577.839844,2770.20655451,A06037221120,221120,,22,US,173,"BlockApportionment:US.BlockGroups;PointsLayer:US.BlockPoints",2.191,2.576,1,34
174,06,037,294810,06037294810,2948.10,Census Tract 2948.10,G5020,S,320464,0,+33.7795265,-118.2714945,465056.816406,2779.33176642,A06037294810,294810,,23,US,174,"BlockApportionment:US.BlockGroups;PointsLayer:US.BlockPoints",2.191,2.576,1,57
175,06,037,127103,06037127103,1271.03,Census Tract 1271.03,G5020,S,280065,5980,+34.2043745,-118.4301703,419241.097656,2784.63139768,A06037127103,127103,,24,US,175,"BlockApportionment:US.BlockGroups;PointsLayer:US.BlockPoints",2.191,2.576,1,98
176,06,037,269601,06037269601,2696.01,Census Tract 2696.01,G5020,S,333656,0,+34.0418546,-118.3794518,487160.855469,2790.68111991,A06037269601,269601,,25,US,176,"BlockApportionment:US.BlockGroups;PointsLayer:US.BlockPoints",2.191,2.576,1,29
177,06,037,211121,06037211121,2111.21,Census Tract 2111.21,G5020,S,213921,0,+34.0730100,-118.2854106,312567.097656,2799.11700634,A06037211121,211121,,26,US,177,"BlockApportionment:US.BlockGroups;PointsLayer:US.BlockPoints",2.191,2.576,1,26
178,06,037,204410,06037204410,2044.10,Census Tract 2044.10,G5020,S,296877,0,+34.0461881,-118.2152707,433502.960938,2801.66606552,A06037204410,204410,,27,US,178,"BlockApportionment:US.BlockGroups;PointsLayer:US.BlockPoints",2.191,2.576,1,69
179,06,037,204200,06037204200,2042,Census Tract 2042,G5020,S,301202,0,+34.0436195,-118.2050757,439794.3125,2806.72318662,A06037204200,204200,,28,US,179,"BlockApportionment:US.BlockGroups;PointsLayer:US.BlockPoints",2.191,2.576,1,49
180,06,037,203710,06037203710,2037.10,Census Tract 2037.10,G5020,S,282072,0,+34.0498932,-118.2009322,411923.195312,2806.91281963,A06037203710,203710,,29,US,180,"BlockApportionment:US.BlockGroups;PointsLayer:US.BlockPoints",2.191,2.576,1,40
181,06,037,269907,06037269907,2699.07,Census Tract 2699.07,G5020,S,276794,0,+34.0280469,-118.4067099,404009.363281,2807.81424284,A06037269907,269907,,30,US,181,"BlockApportionment:US.BlockGroups;PointsLayer:US.BlockPoints",2.191,2.576,1,64
182,06,037,269903,06037269903,2699.03,Census Tract 2699.03,G5020,S,283825,0,+34.0209031,-118.4064763,414201.863281,2839.3975538,A06037269903,269903,,31,US,182,"BlockApportionment:US.BlockGroups;PointsLayer:US.BlockPoints",2.191,2.576,1,46
183,06,037,204420,06037204420,2044.20,Census Tract 2044.20,G5020,S,302058,0,+34.0445316,-118.2116198,441049.59375,2820.81783585,A06037204420,204420,,32,US,183,"BlockApportionment:US.BlockGroups;PointsLayer:US.BlockPoints",2.191,2.576,1,31
184,06,037,208802,06037208802,2088.02,Census Tract 2088.02,G5020,S,211495,0,+34.0621454,-118.2786688,308942.429688,2837.63203986,A06037208802,208802,,33,US,184,"BlockApportionment:US.BlockGroups;PointsLayer:US.BlockPoints",2.191,2.576,1,0
185,06,037,195804,06037195804,1958.04,Census Tract 1958.04,G5020,S,335855,0,+34.0787744,-118.2728192,490796.441406,2841.43846377,A06037195804,195804,,34,US,185,"BlockApportionment:US.BlockGroups;PointsLayer:US.BlockPoints",2.191,2.576,1,39
186,06,037,207101,06037207101,2071.01,Census Tract 2071.01,G5020,S,300183,0,+34.0612027,-118.2448177,438488.214844,2844.53949536,A06037207101,207101,,35,US,186,"BlockApportionment:US.BlockGroups;PointsLayer:US.BlockPoints",2.191,2.576,1,61
187,06,037,700102,06037700102,7001.02,Census Tract 7001.02,G5020,S,490971,0,+34.0892775,-118.3538978,717644.277344,4992.95141594,A06037700102,700102,,36,US,187,"BlockApportionment:US.BlockGroups;PointsLayer:US.BlockPoints",2.191,2.576,0,0
188,06,037,117520,06037117520,1175.20,Census Tract 1175.20,G5020,S,321687,4030,+34.2300853,-118.4621861,477671.234375,2866.95085744,A06037117520,117520,,37,US,188,"BlockApportionment:US.BlockGroups;PointsLayer:US.BlockPoints",2.191,2.576,1,72
189,06,037,208801,06037208801,2088.01,Census Tract 2088.01,G5020,S,234245,34211,+34.0596750,-118.2770843,392130.574219,2875.382585,A06037208801,208801,,38,US,189,"BlockApportionment:US.BlockGroups;PointsLayer:US.BlockPoints",2.191,2.576,1,0
190,06,037,124903,06037124903,1249.03,Census Tract 1249.03,G5020,S,311405,0,+34.1666099,-118.4008675,455999.753906,2879.17992205,A06037124903,124903,,39,US,190,"BlockApportionment:US.BlockGroups;PointsLayer:US.BlockPoints",2.191,2.576,1,55
191,06,037,213310,06037213310,2133.10,Census Tract 2133.10,G5020,S,312089,0,+34.0508743,-118.2978915,455768.488281,2884.62128591,A06037213310,213310,,40,US,191,"BlockApportionment:US.BlockGroups;PointsLayer:US.BlockPoints",2.191,2.576,1,42
192,06,037,311700,06037311700,3117,Census Tract 3117,G5020,S,2352877,0,+34.1617644,-118.3200887,3445023.48828,7705.4098504,A06037311700,311700,,41,US,192,"BlockApportionment:US.BlockGroups;PointsLayer:US.BlockPoints",2.191,2.576,0,0
193,06,037,703002,06037703002,7030.02,Census Tract 7030.02,G5020,S,3249766,0,+33.9874965,-118.3729565,4738853.34375,10317.8224136,A06037703002,703002,,42,US,193,"BlockApportionment:US.BlockGroups;PointsLayer:US.BlockPoints",2.191,2.576,0,0
194,06,037,267403,06037267403,2674.03,Census Tract 2674.03,G5020,S,245506,0,+34.0475447,-118.4565769,358499.257812,2885.1689572,A06037267403,267403,,43,US,194,"BlockApportionment:US.BlockGroups;PointsLayer:US.BlockPoints",2.191,2.576,1,63
195,06,037,213320,06037213320,2133.20,Census Tract 2133.20,G5020,S,311438,0,+34.0508830,-118.2937000,454820.453125,2894.00762302,A06037213320,213320,,44,US,195,"BlockApportionment:US.BlockGroups;PointsLayer:US.BlockPoints",2.191,2.576,1,23
196,06,037,543502,06037543502,5435.02,Census Tract 5435.02,G5020,S,1100784,21186,+33.8387890,-118.2933074,1630535.07031,5863.84958627,A06037543502,543502,,45,US,196,"BlockApportionment:US.BlockGroups;PointsLayer:US.BlockPoints",2.191,2.576,0,0
197,06,037,214502,06037214502,2145.02,Census Tract 2145.02,G5020,S,258189,0,+34.0680052,-118.3504042,377203.226562,2910.51287732,A06037214502,214502,,46,US,197,"BlockApportionment:US.BlockGroups;PointsLayer:US.BlockPoints",2.191,2.576,1,0
198,06,037,209300,06037209300,2093,Census Tract 2093,G5020,S,306315,0,+34.0507300,-118.2683015,447334.367188,2919.10045267,A06037209300,209300,,47,US,198,"BlockApportionment:US.BlockGroups;PointsLayer:US.BlockPoints",2.191,2.576,1,0
199,06,037,124103,06037124103,1241.03,Census Tract 1241.03,G5020,S,323950,0,+34.1884919,-118.3834122,474619.226562,2920.53834172,A06037124103,124103,,48,US,199,"BlockApportionment:US.BlockGroups;PointsLayer:US.BlockPoints",2.191,2.576,1,37
200,06,037,124204,06037124204,1242.04,Census Tract 1242.04,G5020,S,324351,0,+34.1739725,-118.3746553,475041.390625,2921.24449186,A06037124204,124204,,49,US,200,"BlockApportionment:US.BlockGroups;PointsLayer:US.BlockPoints",2.191,2.576,1,37
201,06,037,124203,06037124203,1242.03,Census Tract 1242.03,G5020,S,324261,0,+34.1776041,-118.3746650,474948.785156,2922.05227456,A06037124203,124203,,0,US,201,"BlockApportionment:US.BlockGroups;PointsLayer:US.BlockPoints",2.191,2.576,1,39
202,06,037,211802,06037211802,2118.02,Census Tract 2118.02,G5020,S,325416,0,+34.0635374,-118.3047254,475371.558594,2922.30195408,A06037211802,211802,,1,US,202,"BlockApportionment:US.BlockGroups;PointsLayer:US.BlockPoints",2.191,2.576,1,35
203,06,037,124104,06037124104,1241.04,Census Tract 1241.04,G5020,S,324444,0,+34.1848613,-118.3834100,475299.695312,2922.3110945,A06037124104,124104,,2,US,203,"BlockApportionment:US.BlockGroups;PointsLayer:US.BlockPoints",2.191,2.576,1,43
204,06,037,120030,06037120030,1200.30,Census Tract 1200.30,G5020,S,358619,0,+34.2152447,-118.4518430,525741.074219,2922.38008178,A06037120030,120030,,3,US,204,"BlockApportionment:US.BlockGroups;PointsLayer:US.BlockPoints",2.191,2.576,1,38
205,06,037,234901,06037234901,2349.01,Census Tract 2349.01,G5020,S,325412,0,+33.9817876,-118.3286609,474459.84375,2922.59195897,A06037234901,234901,,4,US,205,"BlockApportionment:US.BlockGroups;PointsLayer:US.BlockPoints",2.191,2.576,1,0
206,06,037,124105,06037124105,1241.05,Census Tract 1241.05,G5020,S,324531,0,+34.1812289,-118.3834061,475387.046875,2922.8896937,A06037124105,124105,,5,US,206,"BlockApportionment:US.BlockGroups;PointsLayer:US.BlockPoints",2.191,2.576,1,42
207,06,037,190801,06037190801,1908.01,Census Tract 1908.01,G5020,S,324193,0,+34.0943767,-118.3244586,473924.554688,2922.99188131,A06037190801,190801,,6,US,207,"BlockApportionment:US.BlockGroups;PointsLayer:US.BlockPoints",2.191,2.576,1,18
208,06,037,212620,06037212620,2126.20,Census Tract 2126.20,G5020,S,288620,0,+34.0563607,-118.3130597,421546.417969,2925.47911514,A06037212620,212620,,7,US,208,"BlockApportionment:US.BlockGroups;PointsLayer:US.BlockPoints",2.191,2.576,1,19
209,06,037,192420,06037192420,1924.20,Census Tract 1924.20,G5020,S,324906,0,+34.0798801,-118.3113323,474805.355469,2926.2147822,A06037192420,192420,,8,US,209,"BlockApportionment:US.BlockGroups;PointsLayer:US.BlockPoints",2.191,2.576,1,35
210,06,037,123204,06037123204,1232.04,Census Tract 1232.04,G5020,S,324206,0,+34.1939360,-118.3943295,475054.507812,2926.71144548,A06037123204,123204,,9,US,210,"BlockApportionment:US.BlockGroups;PointsLayer:US.BlockPoints",2.191,2.576,1,40
211,06,037,189201,06037189201,1892.01,Census Tract 1892.01,G5020,S,325702,0,+34.1035829,-118.2961605,476233.949219,2928.19712961,A06037189201,189201,,10,US,211,"BlockApportionment:US.BlockGroups;PointsLayer:US.BlockPoints",2.191,2.576,1,28
212,06,037,214400,06037214400,2144,Census Tract 2144,G5020,S,344250,0,+34.0781666,-118.3573276,503053.347656,2930.31040691,A06037214400,214400,,11,US,212,"BlockApportionment:US.BlockGroups;PointsLayer:US.BlockPoints",2.191,2.576,1,33
213,06,037,203720,06037203720,2037.20,Census Tract 2037.20,G5020,S,321042,0,+34.0468935,-118.2031501,468796.632812,2932.94465884,A06037203720,203720,,12,US,213,"BlockApportionment:US.BlockGroups;PointsLayer:US.BlockPoints",2.191,2.576,1,40
214,06,037,139302,06037139302,1393.02,Census Tract 1393.02,G5020,S,338289,0,+34.1767230,-118.5383655,495484.25,2938.53684784,A06037139302,139302,,13,US,214,"BlockApportionment:US.BlockGroups;PointsLayer:US.BlockPoints",2.191,2.576,1,66
215,06,037,190510,06037190510,1905.10,Census Tract 1905.10,G5020,S,318393,0,+34.0999771,-118.3113901,465503.796875,2938.97483031,A06037190510,190510,,14,US,215,"BlockApportionment:US.BlockGroups;PointsLayer:US.BlockPoints",2.191,2.576,1,0
216,06,037,127520,06037127520,1275.20,Census Tract 1275.20,G5020,S,363717,0,+34.2184163,-118.4697511,533254.324219,2948.41919363,A06037127520,127520,,15,US,216,"BlockApportionment:US.BlockGroups;PointsLayer:US.BlockPoints",2.191,2.576,1,67
217,06,037,980005,06037980005,9800.05,Census Tract 9800.05,G5020,S,4051700,1644,+33.8534589,-118.3273387,5892224.47266,11621.1060927,A06037980005,980005,,16,US,217,"BlockApportionment:US.BlockGroups;PointsLayer:US.BlockPoints",2.191,2.576,0,0
218,06,037,703001,06037703001,7030.01,Census Tract 7030.01,G5020,S,4740885,6068,+33.9970020,-118.3818740,6923369.58984,15750.5782487,A06037703001,703001,,17,US,218,"BlockApportionment:US.BlockGroups;PointsLayer:US.BlockPoints",2.191,2.576,0,0
219,06,037,124902,06037124902,1249.02,Census Tract 1249.02,G5020,S,338583,0,+34.1702439,-118.4008746,495846.015625,2971.83406375,A06037124902,124902,,18,US,219,"BlockApportionment:US.BlockGroups;PointsLayer:US.BlockPoints",2.191,2.576,1,28
220,06,037,221710,06037221710,2217.10,Census Tract 2217.10,G5020,S,327983,0,+34.0346983,-118.2876315,478795.304688,2984.4673749,A06037221710,221710,,19,US,220,"BlockApportionment:US.BlockGroups;PointsLayer:US.BlockPoints",2.191,2.576,1,37
221,06,037,134305,06037134305,1343.05,Census Tract 1343.05,G5020,S,357578,0,+34.2176340,-118.6016952,524244.714844,2986.87732304,A06037134305,134305,,20,US,221,"BlockApportionment:US.BlockGroups;PointsLayer:US.BlockPoints",2.191,2.576,1,0
222,06,037,139503,06037139503,1395.03,Census Tract 1395.03,G5020,S,351721,0,+34.1677849,-118.5245194,515055.621094,2991.81863667,A06037139503,139503,,21,US,222,"BlockApportionment:US.BlockGroups;PointsLayer:US.BlockPoints",2.191,2.576,1,58
223,06,037,139504,06037139504,1395.04,Census Tract 1395.04,G5020,S,289066,0,+34.1670182,-118.5202503,423295.796875,2991.88697335,A06037139504,139504,,22,US,223,"BlockApportionment:US.BlockGroups;PointsLayer:US.BlockPoints",2.191,2.576,1,54
224,06,037,543503,06037543503,5435.03,Census Tract 5435.03,G5020,S,1663214,12126,+33.8331813,-118.2920619,2434172.65234,7464.17197879,A06037543503,543503,,23,US,224,"BlockApportionment:US.BlockGroups;PointsLayer:US.BlockPoints",2.191,2.576,0,0
225,06,037,213202,06037213202,2132.02,Census Tract 2132.02,G5020,S,337924,0,+34.0490294,-118.3045035,493471.214844,2996.34512179,A06037213202,213202,,24,US,225,"BlockApportionment:US.BlockGroups;PointsLayer:US.BlockPoints",2.191,2.576,1,35
226,06,037,215102,06037215102,2151.02,Census Tract 2151.02,G5020,S,257693,0,+34.0649905,-118.3456014,376454.457031,3011.78316872,A06037215102,215102,,25,US,226,"BlockApportionment:US.BlockGroups;PointsLayer:US.BlockPoints",2.191,2.576,1,0
227,06,037,294820,06037294820,2948.20,Census Tract 2948.20,G5020,S,383486,0,+33.7797819,-118.2656258,556517.738281,3012.53103696,A06037294820,294820,,26,US,227,"BlockApportionment:US.BlockGroups;PointsLayer:US.BlockPoints",2.191,2.576,1,53
228,06,037,117510,06037117510,1175.10,Census Tract 1175.10,G5020,S,330594,4518,+34.2336780,-118.4621483,491492.996094,3017.47825587,A06037117510,117510,,27,US,228,"BlockApportionment:US.BlockGroups;PointsLayer:US.BlockPoints",2.191,2.576,1,72
229,06,037,269905,06037269905,2699.05,Census Tract 2699.05,G5020,S,238027,0,+34.0218574,-118.4018807,347375.589844,3063.12100596,A06037269905,269905,,28,US,229,"BlockApportionment:US.BlockGroups;PointsLayer:US.BlockPoints",2.191,2.576,1,0
230,06,037,195901,06037195901,1959.01,Census Tract 1959.01,G5020,S,290879,0,+34.0887786,-118.2823148,425170.992188,3021.03873701,A06037195901,195901,,29,US,230,"BlockApportionment:US.BlockGroups;PointsLayer:US.BlockPoints",2.191,2.576,1,28
231,06,037,213201,06037213201,2132.01,Census Tract 2132.01,G5020,S,334942,0,+34.0526559,-118.3045301,489163.164062,3021.11552198,A06037213201,213201,,30,US,231,"BlockApportionment:US.BlockGroups;PointsLayer:US.BlockPoints",2.191,2.576,1,19
232,06,037,208620,06037208620,2086.20,Census Tract 2086.20,G5020,S,324331,0,+34.0697090,-118.2779829,473854.21875,3021.34808433,A06037208620,208620,,31,US,232,"BlockApportionment:US.BlockGroups;PointsLayer:US.BlockPoints",2.191,2.576,1,41
233,06,037,134521,06037134521,1345.21,Census Tract 1345.21,G5020,S,351786,0,+34.2046283,-118.5952099,515594.851562,3023.03519838,A06037134521,134521,,32,US,233,"BlockApportionment:US.BlockGroups;PointsLayer:US.BlockPoints",2.191,2.576,1,86
234,06,037,195902,06037195902,1959.02,Census Tract 1959.02,G5020,S,331573,16124,+34.0871531,-118.2791664,508190.917969,3029.68027959,A06037195902,195902,,33,US,234,"BlockApportionment:US.BlockGroups;PointsLayer:US.BlockPoints",2.191,2.576,1,51
235,06,037,237500,06037237500,2375,Census Tract 2375,G5020,S,337329,0,+33.9783023,-118.2893094,491789.898438,3036.91035669,A06037237500,237500,,34,US,235,"BlockApportionment:US.BlockGroups;PointsLayer:US.BlockPoints",2.191,2.576,1,41
236,06,037,297201,06037297201,2972.01,Census Tract 2972.01,G5020,S,403962,0,+33.7249036,-118.2914165,585484.398438,3038.63516257,A06037297201,297201,,35,US,236,"BlockApportionment:US.BlockGroups;PointsLayer:US.BlockPoints",2.191,2.576,1,53
237,06,037,207302,06037207302,2073.02,Census Tract 2073.02,G5020,S,256148,0,+34.0475503,-118.2477258,374046.988281,3039.05882059,A06037207302,207302,,36,US,237,"BlockApportionment:US.BlockGroups;PointsLayer:US.BlockPoints",2.191,2.576,1,47
238,06,037,189101,06037189101,1891.01,Census Tract 1891.01,G5020,S,395232,0,+34.1047367,-118.2885050,577917.226562,3043.45263588,A06037189101,189101,,37,US,238,"BlockApportionment:US.BlockGroups;PointsLayer:US.BlockPoints",2.191,2.576,1,49
239,06,037,212502,06037212502,2125.02,Census Tract 2125.02,G5020,S,285085,0,+34.0586417,-118.3069674,416404.867188,3043.51347646,A06037212502,212502,,38,US,239,"BlockApportionment:US.BlockGroups;PointsLayer:US.BlockPoints",2.191,2.576,1,27
240,06,037,117408,06037117408,1174.08,Census Tract 1174.08,G5020,S,376512,0,+34.2248464,-118.4703709,552096.480469,3045.49448309,A06037117408,117408,,39,US,240,"BlockApportionment:US.BlockGroups;PointsLayer:US.BlockPoints",2.191,2.576,1,37
241,06,037,208610,06037208610,2086.10,Census Tract 2086.10,G5020,S,350137,0,+34.0721590,-118.2817725,511585.625,3048.65955389,A06037208610,208610,,40,US,241,"BlockApportionment:US.BlockGroups;PointsLayer:US.BlockPoints",2.191,2.576,1,70
242,06,037,211122,06037211122,2111.22,Census Tract 2111.22,G5020,S,365554,0,+34.0726794,-118.2892234,534118.3125,3050.48769475,A06037211122,211122,,41,US,242,"BlockApportionment:US.BlockGroups;PointsLayer:US.BlockPoints",2.191,2.576,1,0
243,06,037,239320,06037239320,2393.20,Census Tract 2393.20,G5020,S,347073,0,+33.9785676,-118.2717384,506002.683594,3050.66289609,A06037239320,239320,,42,US,243,"BlockApportionment:US.BlockGroups;PointsLayer:US.BlockPoints",2.191,2.576,1,38
244,06,037,221601,06037221601,2216.01,Census Tract 2216.01,G5020,S,369898,0,+34.0348166,-118.2959265,539985.019531,3054.14704463,A06037221601,221601,,43,US,244,"BlockApportionment:US.BlockGroups;PointsLayer:US.BlockPoints",2.191,2.576,1,46
245,06,037,213402,06037213402,2134.02,Census Tract 2134.02,G5020,S,391846,0,+34.0498405,-118.2878882,572228.796875,3058.65736268,A06037213402,213402,,44,US,245,"BlockApportionment:US.BlockGroups;PointsLayer:US.BlockPoints",2.191,2.576,1,27
246,06,037,204820,06037204820,2048.20,Census Tract 2048.20,G5020,S,320144,0,+34.0238153,-118.2058412,467231.085938,3071.55448571,A06037204820,204820,,45,US,246,"BlockApportionment:US.BlockGroups;PointsLayer:US.BlockPoints",2.191,2.576,1,50
247,06,037,209102,06037209102,2091.02,Census Tract 2091.02,G5020,S,304852,0,+34.0551862,-118.2675212,445241.332031,3082.16664594,A06037209102,209102,,46,US,247,"BlockApportionment:US.BlockGroups;PointsLayer:US.BlockPoints",2.191,2.576,1,28
248,06,037,650901,06037650901,6509.01,Census Tract 6509.01,G5020,S,3545230,0,+33.8382367,-118.3181299,5151812.48047,10874.4143067,A06037650901,650901,,47,US,248,"BlockApportionment:US.BlockGroups;PointsLayer:US.BlockPoints",2.191,2.576,0,0
249,06,037,212610,06037212610,2126.10,Census Tract 2126.10,G5020,S,357156,0,+34.0598448,-118.3138698,521691.386719,3083.04149121,A06037212610,212610,,48,US,249,"BlockApportionment:US.BlockGroups;PointsLayer:US.BlockPoints",2.191,2.576,1,29
250,06,037,191120,06037191120,1911.20,Census Tract 1911.20,G5020,S,379659,0,+34.0929287,-118.3047940,554988.679688,3083.84458103,A06037191120,191120,,49,US,250,"BlockApportionment:US.BlockGroups;PointsLayer:US.BlockPoints",2.191,2.576,1,34
251,06,037,119341,06037119341,1193.41,Census Tract 1193.41,G5020,S,326366,0,+34.2371666,-118.4458756,478706.207031,3083.9897276,A06037119341,119341,,0,US,251,"BlockApportionment:US.BlockGroups;PointsLayer:US.BlockPoints",2.191,2.576,1,63
252,06,037,221500,06037221500,2215,Census Tract 2215,G5020,S,380722,0,+34.0348455,-118.3046372,555786.90625,3085.30937353,A06037221500,221500,,1,US,252,"BlockApportionment:US.BlockGroups;PointsLayer:US.BlockPoints",2.191,2.576,1,30
253,06,037,211420,06037211420,2114.20,Census Tract 2114.20,G5020,S,381075,0,+34.0726364,-118.3029424,556795.34375,3094.37578068,A06037211420,211420,,2,US,253,"BlockApportionment:US.BlockGroups;PointsLayer:US.BlockPoints",2.191,2.576,1,35
254,06,037,221210,06037221210,2212.10,Census Tract 2212.10,G5020,S,358792,0,+34.0436624,-118.3028632,523881.128906,3102.61432939,A06037221210,221210,,3,US,254,"BlockApportionment:US.BlockGroups;PointsLayer:US.BlockPoints",2.191,2.576,1,35
255,06,037,311100,06037311100,3111,Census Tract 3111,G5020,S,1704836,0,+34.1856903,-118.3546268,2497575.20312,6656.32791792,A06037311100,311100,,4,US,255,"BlockApportionment:US.BlockGroups;PointsLayer:US.BlockPoints",2.191,2.576,0,0
256,06,037,700200,06037700200,7002,Census Tract 7002,G5020,S,698992,0,+34.0924899,-118.3653030,1021782.15234,5190.0197888,A06037700200,700200,,5,US,256,"BlockApportionment:US.BlockGroups;PointsLayer:US.BlockPoints",2.191,2.576,0,0
257,06,037,120108,06037120108,1201.08,Census Tract 1201.08,G5020,S,376444,10489,+34.2300529,-118.4563783,567469.628906,3120.67896895,A06037120108,120108,,6,US,257,"BlockApportionment:US.BlockGroups;PointsLayer:US.BlockPoints",2.191,2.576,1,39
258,06,037,189902,06037189902,1899.02,Census Tract 1899.02,G5020,S,365023,0,+34.0961801,-118.3490051,533636.859375,3161.60032141,A06037189902,189902,,7,US,258,"BlockApportionment:US.BlockGroups;PointsLayer:US.BlockPoints",2.191,2.576,1,51
259,06,037,191301,06037191301,1913.01,Census Tract 1913.01,G5020,S,273535,0,+34.0923345,-118.2865853,399852.535156,3144.69243183,A06037191301,191301,,8,US,259,"BlockApportionment:US.BlockGroups;PointsLayer:US.BlockPoints",2.191,2.576,1,34
260,06,037,700901,06037700901,7009.01,Census Tract 7009.01,G5020,S,1053659,0,+34.0645650,-118.3853968,1539161.44141,6942.43808582,A06037700901,700901,,9,US,260,"BlockApportionment:US.BlockGroups;PointsLayer:US.BlockPoints",2.191,2.576,0,0
261,06,037,216401,06037216401,2164.01,Census Tract 2164.01,G5020,S,411515,0,+34.0567002,-118.3797321,601048.078125,3175.68600878,A06037216401,216401,,10,US,261,"BlockApportionment:US.BlockGroups;PointsLayer:US.BlockPoints",2.191,2.576,1,44
262,06,037,208402,06037208402,2084.02,Census Tract 2084.02,G5020,S,340750,0,+34.0683644,-118.2660132,497825.105469,3176.43222473,A06037208402,208402,,11,US,262,"BlockApportionment:US.BlockGroups;PointsLayer:US.BlockPoints",2.191,2.576,1,36
263,06,037,267300,06037267300,2673,Census Tract 2673,G5020,S,430298,0,+34.0452043,-118.4496931,628315.246094,3195.63765753,A06037267300,267300,,12,US,263,"BlockApportionment:US.BlockGroups;PointsLayer:US.BlockPoints",2.191,2.576,1,51
264,06,037,302102,06037302102,3021.02,Census Tract 3021.02,G5020,S,1037512,0,+34.1347576,-118.2363626,1518137.60938,6755.37592199,A06037302102,302102,,13,US,264,"BlockApportionment:US.BlockGroups;PointsLayer:US.BlockPoints",2.191,2.576,0,0
265,06,037,272202,06037272202,2722.02,Census Tract 2722.02,G5020,S,309580,0,+33.9975532,-118.4391489,451540.949219,3233.40681568,A06037272202,272202,,14,US,265,"BlockApportionment:US.BlockGroups;PointsLayer:US.BlockPoints",2.191,2.576,1,44
266,06,037,237720,06037237720,2377.20,Census Tract 2377.20,G5020,S,325225,0,+33.9692863,-118.2861511,474044.542969,3209.09162601,A06037237720,237720,,15,US,266,"BlockApportionment:US.BlockGroups;PointsLayer:US.BlockPoints",2.191,2.576,1,30
267,06,037,209200,06037209200,2092,Census Tract 2092,G5020,S,411198,0,+34.0542092,-118.2610818,600549.574219,3223.23562216,A06037209200,209200,,16,US,267,"BlockApportionment:US.BlockGroups;PointsLayer:US.BlockPoints",2.191,2.576,1,50
268,06,037,218210,06037218210,2182.10,Census Tract 2182.10,G5020,S,388481,0,+34.0427907,-118.3423056,567221.324219,3230.52544012,A06037218210,218210,,17,US,268,"BlockApportionment:US.BlockGroups;PointsLayer:US.BlockPoints",2.191,2.576,1,29
269,06,037,226420,06037226420,2264.20,Census Tract 2264.20,G5020,S,426940,0,+34.0218419,-118.2570623,623069.484375,3232.35081186,A06037226420,226420,,18,US,269,"BlockApportionment:US.BlockGroups;PointsLayer:US.BlockPoints",2.191,2.576,1,46
270,06,037,701801,06037701801,7018.01,Census Tract 7018.01,G5020,S,1899394,0,+34.0274538,-118.4657239,2772304.67969,7105.82778439,A06037701801,701801,,19,US,270,"BlockApportionment:US.BlockGroups;PointsLayer:US.BlockPoints",2.191,2.576,0,0
271,06,037,267402,06037267402,2674.02,Census Tract 2674.02,G5020,S,424965,3875,+34.0420740,-118.4659262,626143.679688,3256.4216685,A06037267402,267402,,20,US,271,"BlockApportionment:US.BlockGroups;PointsLayer:US.BlockPoints",2.191,2.576,1,58
272,06,037,600400,06037600400,6004,Census Tract 6004,G5020,S,985475,0,+33.9368912,-118.3141023,1435346.62109,5920.63568276,A06037600400,600400,,21,US,272,"BlockApportionment:US.BlockGroups;PointsLayer:US.BlockPoints",2.191,2.576,0,0
273,06,037,186404,06037186404,1864.04,Census Tract 1864.04,G5020,S,401149,0,+34.1067595,-118.2354293,586592.695312,3270.85688429,A06037186404,186404,,22,US,273,"BlockApportionment:US.BlockGroups;PointsLayer:US.BlockPoints",2.191,2.576,1,58
274,06,037,237201,06037237201,2372.01,Census Tract 2372.01,G5020,S,453406,0,+33.9857256,-118.2991149,661134.011719,3272.24472883,A06037237201,237201,,23,US,274,"BlockApportionment:US.BlockGroups;PointsLayer:US.BlockPoints",2.191,2.576,1,74
275,06,037,239201,06037239201,2392.01,Census Tract 2392.01,G5020,S,449869,0,+33.9857805,-118.2771699,655978.804688,3272.55096705,A06037239201,239201,,24,US,275,"BlockApportionment:US.BlockGroups;PointsLayer:US.BlockPoints",2.191,2.576,1,51
276,06,037,218120,06037218120,2181.20,Census Tract 2181.20,G5020,S,445211,0,+34.0435631,-118.3206759,650063.179688,3273.97982321,A06037218120,218120,,25,US,276,"BlockApportionment:US.BlockGroups;PointsLayer:US.BlockPoints",2.191,2.576,1,25
277,06,037,210010,06037210010,2100.10,Census Tract 2100.10,G5020,S,408974,0,+34.0468502,-118.2723098,597200.132812,3280.35234121,A06037210010,210010,,26,US,277,"BlockApportionment:US.BlockGroups;PointsLayer:US.BlockPoints",2.191,2.576,1,48
278,06,037,311400,06037311400,3114,Census Tract 3114,G5020,S,939131,0,+34.1622734,-118.3493174,1375063.46094,5610.10342583,A06037311400,311400,,27,US,278,"BlockApportionment:US.BlockGroups;PointsLayer:US.BlockPoints",2.191,2.576,0,0
279,06,037,199201,06037199201,1992.01,Census Tract 1992.01,G5020,S,395192,0,+34.0762204,-118.2119070,577469.660156,3291.43308498,A06037199201,199201,,28,US,279,"BlockApportionment:US.BlockGroups;PointsLayer:US.BlockPoints",2.191,2.576,1,59
280,06,037,302506,06037302506,3025.06,Census Tract 3025.06,G5020,S,905398,853,+34.1276376,-118.2463924,1325882.35547,5541.25807827,A06037302506,302506,,29,US,280,"BlockApportionment:US.BlockGroups;PointsLayer:US.BlockPoints",2.191,2.576,0,0
281,06,037,320202,06037320202,3202.02,Census Tract 3202.02,G5020,S,1615102,0,+34.2897466,-118.4345092,2371916.97266,6841.74335309,A06037320202,320202,,30,US,281,"BlockApportionment:US.BlockGroups;PointsLayer:US.BlockPoints",2.191,2.576,0,0
282,06,037,218600,06037218600,2186,Census Tract 2186,G5020,S,430627,0,+34.0371838,-118.3427434,628675.714844,3308.46177353,A06037218600,218600,,31,US,282,"BlockApportionment:US.BlockGroups;PointsLayer:US.BlockPoints",2.191,2.576,1,42
283,06,037,218800,06037218800,2188,Census Tract 2188,G5020,S,411644,0,+34.0377797,-118.3230095,600973.363281,3313.697391,A06037218800,218800,,32,US,283,"BlockApportionment:US.BlockGroups;PointsLayer:US.BlockPoints",2.191,2.576,1,35
284,06,037,237102,06037237102,2371.02,Census Tract 2371.02,G5020,S,459964,0,+33.9857553,-118.2837235,670697.152344,3318.18174714,A06037237102,237102,,33,US,284,"BlockApportionment:US.BlockGroups;PointsLayer:US.BlockPoints",2.191,2.576,1,31
285,06,037,195803,06037195803,1958.03,Census Tract 1958.03,G5020,S,377392,0,+34.0818094,-118.2769285,551534.109375,3321.8973625,A06037195803,195803,,34,US,285,"BlockApportionment:US.BlockGroups;PointsLayer:US.BlockPoints",2.191,2.576,1,44
286,06,037,269904,06037269904,2699.04,Census Tract 2699.04,G5020,S,337350,0,+34.0278090,-118.4118789,492392.65625,3322.2497949,A06037269904,269904,,35,US,286,"BlockApportionment:US.BlockGroups;PointsLayer:US.BlockPoints",2.191,2.576,1,0
287,06,037,139303,06037139303,1393.03,Census Tract 1393.03,G5020,S,415569,0,+34.1762843,-118.5333072,608674.011719,3337.1402252,A06037139303,139303,,36,US,287,"BlockApportionment:US.BlockGroups;PointsLayer:US.BlockPoints",2.191,2.576,1,63
288,06,037,267501,06037267501,2675.01,Census Tract 2675.01,G5020,S,453851,0,+34.0413355,-118.4560691,662645.273438,3339.19815068,A06037267501,267501,,37,US,288,"BlockApportionment:US.BlockGroups;PointsLayer:US.BlockPoints",2.191,2.576,1,60
289,06,037,293307,06037293307,2933.07,Census Tract 2933.07,G5020,S,338684,0,+33.7873763,-118.3035494,491584.613281,3363.58679313,A06037293307,293307,,38,US,289,"BlockApportionment:US.BlockGroups;PointsLayer:US.BlockPoints",2.191,2.576,1,55
290,06,037,231720,06037231720,2317.20,Census Tract 2317.20,G5020,S,472239,0,+34.0074463,-118.2840710,688948.042969,3359.28531445,A06037231720,231720,,39,US,290,"BlockApportionment:US.BlockGroups;PointsLayer:US.BlockPoints",2.191,2.576,1,43
291,06,037,297110,06037297110,2971.10,Census Tract 2971.10,G5020,S,487479,0,+33.7346618,-118.2841870,706695.8125,3362.75035075,A06037297110,297110,,40,US,291,"BlockApportionment:US.BlockGroups;PointsLayer:US.BlockPoints",2.191,2.576,1,42
292,06,037,242600,06037242600,2426,Census Tract 2426,G5020,S,475999,0,+33.9323759,-118.2502423,693217.554688,3366.29887853,A06037242600,242600,,41,US,292,"BlockApportionment:US.BlockGroups;PointsLayer:US.BlockPoints",2.191,2.576,1,17
293,06,037,222001,06037222001,2220.01,Census Tract 2220.01,G5020,S,474298,0,+34.0281954,-118.3132805,692286.421875,3369.11883241,A06037222001,222001,,42,US,293,"BlockApportionment:US.BlockGroups;PointsLayer:US.BlockPoints",2.191,2.576,1,58
294,06,037,207502,06037207502,2075.02,Census Tract 2075.02,G5020,S,418380,0,+34.0527070,-118.2530840,611020.171875,3371.72760671,A06037207502,207502,,43,US,294,"BlockApportionment:US.BlockGroups;PointsLayer:US.BlockPoints",2.191,2.576,1,0
295,06,037,183520,06037183520,1835.20,Census Tract 1835.20,G5020,S,427707,0,+34.1109412,-118.2015849,625490.929688,3382.65560094,A06037183520,183520,,44,US,295,"BlockApportionment:US.BlockGroups;PointsLayer:US.BlockPoints",2.191,2.576,1,31
296,06,037,201503,06037201503,2015.03,Census Tract 2015.03,G5020,S,439362,0,+34.0851726,-118.1739007,642148.144531,3390.80328957,A06037201503,201503,,45,US,296,"BlockApportionment:US.BlockGroups;PointsLayer:US.BlockPoints",2.191,2.576,1,41
297,06,037,572301,06037572301,5723.01,Census Tract 5723.01,G5020,S,816036,0,+33.8220235,-118.2215860,1185375.08594,7094.82012312,A06037572301,572301,,46,US,297,"BlockApportionment:US.BlockGroups;PointsLayer:US.BlockPoints",2.191,2.576,0,0
298,06,037,228500,06037228500,2285,Census Tract 2285,G5020,S,448896,0,+34.0034920,-118.2690648,654831.609375,3392.38390365,A06037228500,228500,,47,US,298,"BlockApportionment:US.BlockGroups;PointsLayer:US.BlockPoints",2.191,2.576,1,37
299,06,037,191810,06037191810,1918.10,Census Tract 1918.10,G5020,S,404246,0,+34.0889240,-118.3277122,590878.628906,3399.62613266,A06037191810,191810,,48,US,299,"BlockApportionment:US.BlockGroups;PointsLayer:US.BlockPoints",2.191,2.576,1,24
300,06,037,191820,06037191820,1918.20,Census Tract 1918.20,G5020,S,404735,0,+34.0852963,-118.3277048,591542.097656,3401.55498849,A06037191820,191820,,49,US,300,"BlockApportionment:US.BlockGroups;PointsLayer:US.BlockPoints",2.191,2.576,1,54
301,06,037,125501,06037125501,1255.01,Census Tract 1255.01,G5020,S,464095,0,+34.1622937,-118.3657855,679524.167969,3402.30889008,A06037125501,125501,,0,US,301,"BlockApportionment:US.BlockGroups;PointsLayer:US.BlockPoints",2.191,2.576,1,49
302,06,037,239602,06037239602,2396.02,Census Tract 2396.02,G5020,S,358086,0,+33.9694506,-118.2749022,521950.625,3409.40527463,A06037239602,239602,,1,US,302,"BlockApportionment:US.BlockGroups;PointsLayer:US.BlockPoints",2.191,2.576,1,44
303,06,037,190802,06037190802,1908.02,Census Tract 1908.02,G5020,S,486761,0,+34.0943604,-118.3299158,711579.339844,3409.93130584,A06037190802,190802,,2,US,303,"BlockApportionment:US.BlockGroups;PointsLayer:US.BlockPoints",2.191,2.576,1,31
304,06,037,190902,06037190902,1909.02,Census Tract 1909.02,G5020,S,486991,0,+34.0943950,-118.3190130,711912.679688,3412.67519667,A06037190902,190902,,3,US,304,"BlockApportionment:US.BlockGroups;PointsLayer:US.BlockPoints",2.191,2.576,1,35
305,06,037,265602,06037265602,2656.02,Census Tract 2656.02,G5020,S,335903,0,+34.0602409,-118.4341570,490652.019531,3417.56847037,A06037265602,265602,,4,US,305,"BlockApportionment:US.BlockGroups;PointsLayer:US.BlockPoints",2.191,2.576,1,49
306,06,037,238310,06037238310,2383.10,Census Tract 2383.10,G5020,S,397068,0,+33.9660436,-118.2861074,578723.226562,3421.29568813,A06037238310,238310,,5,US,306,"BlockApportionment:US.BlockGroups;PointsLayer:US.BlockPoints",2.191,2.576,1,36
307,06,037,190901,06037190901,1909.01,Census Tract 1909.01,G5020,S,490200,0,+34.0944222,-118.3124771,716604.015625,3425.12872096,A06037190901,190901,,6,US,307,"BlockApportionment:US.BlockGroups;PointsLayer:US.BlockPoints",2.191,2.576,1,28
308,06,037,191302,06037191302,1913.02,Census Tract 1913.02,G5020,S,422484,0,+34.0962277,-118.2884036,617640.417969,3448.18102735,A06037191302,191302,,7,US,308,"BlockApportionment:US.BlockGroups;PointsLayer:US.BlockPoints",2.191,2.576,1,40
309,06,037,311200,06037311200,3112,Census Tract 3112,G5020,S,989257,0,+34.1720062,-118.3531198,1448792.33984,5166.17138905,A06037311200,311200,,8,US,309,"BlockApportionment:US.BlockGroups;PointsLayer:US.BlockPoints",2.191,2.576,0,0
310,06,037,219010,06037219010,2190.10,Census Tract 2190.10,G5020,S,440857,0,+34.0276144,-118.3229262,643464.640625,3450.95473152,A06037219010,219010,,9,US,310,"BlockApportionment:US.BlockGroups;PointsLayer:US.BlockPoints",2.191,2.576,1,53
311,06,037,620001,06037620001,6200.01,Census Tract 6200.01,G5020,S,1183499,0,+33.9274700,-118.4038251,1723382.98047,5408.60518814,A06037620001,620001,,10,US,311,"BlockApportionment:US.BlockGroups;PointsLayer:US.BlockPoints",2.191,2.576,0,0
312,06,037,119320,06037119320,1193.20,Census Tract 1193.20,G5020,S,486438,10184,+34.2369427,-118.4547256,728458.984375,3453.44498705,A06037119320,119320,,11,US,312,"BlockApportionment:US.BlockGroups;PointsLayer:US.BlockPoints",2.191,2.576,1,60
313,06,037,600912,06037600912,6009.12,Census Tract 6009.12,G5020,S,1084960,2993,+33.9771678,-118.3411003,1586086.53125,5710.48603784,A06037600912,600912,,12,US,313,"BlockApportionment:US.BlockGroups;PointsLayer:US.BlockPoints",2.191,2.576,0,0
314,06,037,191610,06037191610,1916.10,Census Tract 1916.10,G5020,S,417925,0,+34.0863852,-118.3059567,610836.710938,3468.03580538,A06037191610,191610,,13,US,314,"BlockApportionment:US.BlockGroups;PointsLayer:US.BlockPoints",2.191,2.576,1,24
315,06,037,702102,06037702102,7021.02,Census Tract 7021.02,G5020,S,931233,203768,+34.0009853,-118.4807228,1655574.62109,5827.8071718,A06037702102,702102,,14,US,315,"BlockApportionment:US.BlockGroups;PointsLayer:US.BlockPoints",2.191,2.576,0,0
316,06,037,183620,06037183620,1836.20,Census Tract 1836.20,G5020,S,517470,0,+34.1151760,-118.1898523,756837.753906,3481.86163625,A06037183620,183620,,15,US,316,"BlockApportionment:US.BlockGroups;PointsLayer:US.BlockPoints",2.191,2.576,1,47
317,06,037,203800,06037203800,2038,Census Tract 2038,G5020,S,487391,0,+34.0449856,-118.1955756,711677.527344,3482.89374889,A06037203800,203800,,16,US,317,"BlockApportionment:US.BlockGroups;PointsLayer:US.BlockPoints",2.191,2.576,1,43
318,06,037,237600,06037237600,2376,Census Tract 2376,G5020,S,503741,0,+33.9785135,-118.2838719,734411.460938,3486.43079539,A06037237600,237600,,17,US,318,"BlockApportionment:US.BlockGroups;PointsLayer:US.BlockPoints",2.191,2.576,1,56
319,06,037,239701,06037239701,2397.01,Census Tract 2397.01,G5020,S,409688,0,+33.9660920,-118.2752631,597118.773438,3488.44582592,A06037239701,239701,,18,US,319,"BlockApportionment:US.BlockGroups;PointsLayer:US.BlockPoints",2.191,2.576,1,33
320,06,037,128801,06037128801,1288.01,Census Tract 1288.01,G5020,S,492122,0,+34.1682377,-118.4651573,720656.511719,3490.80804247,A06037128801,128801,,19,US,320,"BlockApportionment:US.BlockGroups;PointsLayer:US.BlockPoints",2.191,2.576,1,46
321,06,037,294520,06037294520,2945.20,Census Tract 2945.20,G5020,S,484078,0,+33.7868323,-118.2658196,702609.09375,3500.58895952,A06037294520,294520,,20,US,321,"BlockApportionment:US.BlockGroups;PointsLayer:US.BlockPoints",2.191,2.576,1,38
322,06,037,123410,06037123410,1234.10,Census Tract 1234.10,G5020,S,488725,8391,+34.1972397,-118.4219865,728482.757812,3506.37893444,A06037123410,123410,,21,US,322,"BlockApportionment:US.BlockGroups;PointsLayer:US.BlockPoints",2.191,2.576,1,40
323,06,037,237401,06037237401,2374.01,Census Tract 2374.01,G5020,S,516111,0,+33.9784675,-118.2948084,752438.265625,3520.00779925,A06037237401,237401,,22,US,323,"BlockApportionment:US.BlockGroups;PointsLayer:US.BlockPoints",2.191,2.576,1,47
324,06,037,296220,06037296220,2962.20,Census Tract 2962.20,G5020,S,536366,0,+33.7410279,-118.2837798,777677.875,3522.06714777,A06037296220,296220,,23,US,324,"BlockApportionment:US.BlockGroups;PointsLayer:US.BlockPoints",2.191,2.576,1,38
325,06,037,296210,06037296210,2962.10,Census Tract 2962.10,G5020,S,559516,0,+33.7476138,-118.2839528,811365.355469,3525.0488988,A06037296210,296210,,24,US,325,"BlockApportionment:US.BlockGroups;PointsLayer:US.BlockPoints",2.191,2.576,1,36
326,06,037,239601,06037239601,2396.01,Census Tract 2396.01,G5020,S,422289,0,+33.9728370,-118.2752978,615575.152344,3527.48040155,A06037239601,239601,,25,US,326,"BlockApportionment:US.BlockGroups;PointsLayer:US.BlockPoints",2.191,2.576,1,42
327,06,037,271801,06037271801,2718.01,Census Tract 2718.01,G5020,S,479928,0,+34.0167262,-118.4182342,700316.941406,3538.83549253,A06037271801,271801,,26,US,327,"BlockApportionment:US.BlockGroups;PointsLayer:US.BlockPoints",2.191,2.576,1,35
328,06,037,228600,06037228600,2286,Census Tract 2286,G5020,S,526963,0,+34.0036935,-118.2608661,768717.609375,3529.90177652,A06037228600,228600,,27,US,328,"BlockApportionment:US.BlockGroups;PointsLayer:US.BlockPoints",2.191,2.576,1,49
329,06,037,237402,06037237402,2374.02,Census Tract 2374.02,G5020,S,521230,0,+33.9784618,-118.3013342,759905.636719,3543.17116257,A06037237402,237402,,28,US,329,"BlockApportionment:US.BlockGroups;PointsLayer:US.BlockPoints",2.191,2.576,1,48
330,06,037,221401,06037221401,2214.01,Census Tract 2214.01,G5020,S,542311,0,+34.0338860,-118.3132694,791662.820312,3543.22014794,A06037221401,221401,,29,US,330,"BlockApportionment:US.BlockGroups;PointsLayer:US.BlockPoints",2.191,2.576,1,16
331,06,037,204910,06037204910,2049.10,Census Tract 2049.10,G5020,S,518337,0,+34.0248828,-118.1955701,756509.453125,3543.5527427,A06037204910,204910,,30,US,331,"BlockApportionment:US.BlockGroups;PointsLayer:US.BlockPoints",2.191,2.576,1,39
332,06,037,207103,06037207103,2071.03,Census Tract 2071.03,G5020,S,324130,0,+34.0644824,-118.2392725,473499.96875,3545.80619932,A06037207103,207103,,31,US,332,"BlockApportionment:US.BlockGroups;PointsLayer:US.BlockPoints",2.191,2.576,1,0
333,06,037,125502,06037125502,1255.02,Census Tract 1255.02,G5020,S,522913,0,+34.1566283,-118.3655444,765542.875,3548.85610805,A06037125502,125502,,32,US,333,"BlockApportionment:US.BlockGroups;PointsLayer:US.BlockPoints",2.191,2.576,1,47
334,06,037,201504,06037201504,2015.04,Census Tract 2015.04,G5020,S,368342,0,+34.0808280,-118.1737920,538294.519531,3548.95308451,A06037201504,201504,,33,US,334,"BlockApportionment:US.BlockGroups;PointsLayer:US.BlockPoints",2.191,2.576,1,45
335,06,037,700400,06037700400,7004,Census Tract 7004,G5020,S,1315939,0,+34.0812987,-118.3811478,1923130.47656,7847.58347871,A06037700400,700400,,34,US,335,"BlockApportionment:US.BlockGroups;PointsLayer:US.BlockPoints",2.191,2.576,0,0
336,06,037,238320,06037238320,2383.20,Census Tract 2383.20,G5020,S,468277,0,+33.9621528,-118.2861548,682446.9375,3558.58034436,A06037238320,238320,,35,US,336,"BlockApportionment:US.BlockGroups;PointsLayer:US.BlockPoints",2.191,2.576,1,34
337,06,037,127603,06037127603,1276.03,Census Tract 1276.03,G5020,S,431404,0,+34.1957241,-118.4800237,632154.097656,3584.93517362,A06037127603,127603,,36,US,337,"BlockApportionment:US.BlockGroups;PointsLayer:US.BlockPoints",2.191,2.576,1,37
338,06,037,214902,06037214902,2149.02,Census Tract 2149.02,G5020,S,507191,0,+34.0729569,-118.3800897,741073.949219,3608.26067229,A06037214902,214902,,37,US,338,"BlockApportionment:US.BlockGroups;PointsLayer:US.BlockPoints",2.191,2.576,1,43
339,06,037,219800,06037219800,2198,Census Tract 2198,G5020,S,446134,0,+34.0299390,-118.3547601,651201.710938,3590.50311962,A06037219800,219800,,38,US,339,"BlockApportionment:US.BlockGroups;PointsLayer:US.BlockPoints",2.191,2.576,1,41
340,06,037,127606,06037127606,1276.06,Census Tract 1276.06,G5020,S,543715,0,+34.1902629,-118.4778055,796623.5,3591.63996735,A06037127606,127606,,39,US,340,"BlockApportionment:US.BlockGroups;PointsLayer:US.BlockPoints",2.191,2.576,1,57
341,06,037,194401,06037194401,1944.01,Census Tract 1944.01,G5020,S,465758,0,+34.0843098,-118.3642238,680712.671875,3594.4203974,A06037194401,194401,,40,US,341,"BlockApportionment:US.BlockGroups;PointsLayer:US.BlockPoints",2.191,2.576,1,38
342,06,037,128210,06037128210,1282.10,Census Tract 1282.10,G5020,S,549953,0,+34.1835838,-118.4443453,805645.433594,3601.65918954,A06037128210,128210,,41,US,342,"BlockApportionment:US.BlockGroups;PointsLayer:US.BlockPoints",2.191,2.576,1,39
343,06,037,128303,06037128303,1283.03,Census Tract 1283.03,G5020,S,413941,0,+34.1830757,-118.4523813,606386.105469,3602.17219241,A06037128303,128303,,42,US,343,"BlockApportionment:US.BlockGroups;PointsLayer:US.BlockPoints",2.191,2.576,1,0
344,06,037,294510,06037294510,2945.10,Census Tract 2945.10,G5020,S,518230,0,+33.7865877,-118.2716940,752172.246094,3615.62697207,A06037294510,294510,,43,US,344,"BlockApportionment:US.BlockGroups;PointsLayer:US.BlockPoints",2.191,2.576,1,49
345,06,037,183610,06037183610,1836.10,Census Tract 1836.10,G5020,S,378643,0,+34.1140024,-118.1948974,553778.472656,3617.14049626,A06037183610,183610,,44,US,345,"BlockApportionment:US.BlockGroups;PointsLayer:US.BlockPoints",2.191,2.576,1,48
346,06,037,127712,06037127712,1277.12,Census Tract 1277.12,G5020,S,570007,0,+34.1974182,-118.4700952,835289.730469,3625.49600072,A06037127712,127712,,45,US,346,"BlockApportionment:US.BlockGroups;PointsLayer:US.BlockPoints",2.191,2.576,1,29
347,06,037,208302,06037208302,2083.02,Census Tract 2083.02,G5020,S,439968,0,+34.0634788,-118.2624816,642703.953125,3632.52161248,A06037208302,208302,,46,US,347,"BlockApportionment:US.BlockGroups;PointsLayer:US.BlockPoints",2.191,2.576,1,39
348,06,037,127604,06037127604,1276.04,Census Tract 1276.04,G5020,S,434538,0,+34.1993163,-118.4797991,636802.175781,3639.81725976,A06037127604,127604,,47,US,348,"BlockApportionment:US.BlockGroups;PointsLayer:US.BlockPoints",2.191,2.576,1,41
349,06,037,540700,06037540700,5407,Census Tract 5407,G5020,S,1147615,7356,+33.9255436,-118.2453429,1681762.58594,5964.65563004,A06037540700,540700,,48,US,349,"BlockApportionment:US.BlockGroups;PointsLayer:US.BlockPoints",2.191,2.576,0,0
350,06,037,123020,06037123020,1230.20,Census Tract 1230.20,G5020,S,565646,0,+34.2047368,-118.3664946,829044.289062,3643.78313667,A06037123020,123020,,49,US,350,"BlockApportionment:US.BlockGroups;PointsLayer:US.BlockPoints",2.191,2.576,1,43
351,06,037,293304,06037293304,2933.04,Census Tract 2933.04,G5020,S,569496,0,+33.7926172,-118.3043149,826696.503906,3646.51624988,A06037293304,293304,,0,US,351,"BlockApportionment:US.BlockGroups;PointsLayer:US.BlockPoints",2.191,2.576,1,53
352,06,037,207102,06037207102,2071.02,Census Tract 2071.02,G5020,S,415045,0,+34.0592851,-118.2395097,606241.15625,3651.33767984,A06037207102,207102,,1,US,352,"BlockApportionment:US.BlockGroups;PointsLayer:US.BlockPoints",2.191,2.576,1,0
353,06,037,241300,06037241300,2413,Census Tract 2413,G5020,S,522126,0,+33.9261331,-118.2862377,760287.609375,3659.75119429,A06037241300,241300,,2,US,353,"BlockApportionment:US.BlockGroups;PointsLayer:US.BlockPoints",2.191,2.576,1,51
354,06,037,239801,06037239801,2398.01,Census Tract 2398.01,G5020,S,370763,0,+33.9660533,-118.2629318,540379.738281,3660.28981355,A06037239801,239801,,3,US,354,"BlockApportionment:US.BlockGroups;PointsLayer:US.BlockPoints",2.191,2.576,1,58
355,06,037,297202,06037297202,2972.02,Census Tract 2972.02,G5020,S,575787,0,+33.7247349,-118.2990073,834517.5,3663.85042964,A06037297202,297202,,4,US,355,"BlockApportionment:US.BlockGroups;PointsLayer:US.BlockPoints",2.191,2.576,1,63
356,06,037,234902,06037234902,2349.02,Census Tract 2349.02,G5020,S,447718,0,+33.9822575,-118.3340918,652792.175781,3666.94160499,A06037234902,234902,,5,US,356,"BlockApportionment:US.BlockGroups;PointsLayer:US.BlockPoints",2.191,2.576,1,16
357,06,037,191201,06037191201,1912.01,Census Tract 1912.01,G5020,S,572278,0,+34.0985767,-118.2961735,836675.085938,3667.20179841,A06037191201,191201,,6,US,357,"BlockApportionment:US.BlockGroups;PointsLayer:US.BlockPoints",2.191,2.576,1,30
358,06,037,134710,06037134710,1347.10,Census Tract 1347.10,G5020,S,566354,4275,+34.2023735,-118.5779426,836342.441406,3670.48274283,A06037134710,134710,,7,US,358,"BlockApportionment:US.BlockGroups;PointsLayer:US.BlockPoints",2.191,2.576,1,44
359,06,037,117530,06037117530,1175.30,Census Tract 1175.30,G5020,S,544546,12334,+34.2264373,-118.4643776,816580.367188,3672.77770312,A06037117530,117530,,8,US,359,"BlockApportionment:US.BlockGroups;PointsLayer:US.BlockPoints",2.191,2.576,1,47
360,06,037,702600,06037702600,7026,Census Tract 7026,G5020,S,2163334,10471,+33.9958996,-118.3961597,3170458.82031,8893.34364187,A06037702600,702600,,9,US,360,"BlockApportionment:US.BlockGroups;PointsLayer:US.BlockPoints",2.191,2.576,0,0
361,06,037,102105,06037102105,1021.05,Census Tract 1021.05,G5020,S,492761,0,+34.2098760,-118.3492653,722302.53125,3676.70640995,A06037102105,102105,,10,US,361,"BlockApportionment:US.BlockGroups;PointsLayer:US.BlockPoints",2.191,2.576,1,53
362,06,037,265305,06037265305,2653.05,Census Tract 2653.05,G5020,S,310816,0,+34.0626944,-118.4490224,454032.90625,3685.03837002,A06037265305,265305,,11,US,362,"BlockApportionment:US.BlockGroups;PointsLayer:US.BlockPoints",2.191,2.576,1,0
363,06,037,239702,06037239702,2397.02,Census Tract 2397.02,G5020,S,486273,0,+33.9622020,-118.2750006,708671.5,3699.93904187,A06037239702,239702,,12,US,363,"BlockApportionment:US.BlockGroups;PointsLayer:US.BlockPoints",2.191,2.576,1,59
364,06,037,128220,06037128220,1282.20,Census Tract 1282.20,G5020,S,555593,0,+34.1835533,-118.4355767,813900.464844,3703.63667536,A06037128220,128220,,13,US,364,"BlockApportionment:US.BlockGroups;PointsLayer:US.BlockPoints",2.191,2.576,1,34
365,06,037,609900,06037609900,6099,Census Tract 6099,G5020,S,531817,0,+33.7410060,-118.3029320,771065.398438,5180.84748649,A06037609900,609900,,14,US,365,"BlockApportionment:US.BlockGroups;PointsLayer:US.BlockPoints",2.191,2.576,0,0
366,06,037,297120,06037297120,2971.20,Census Tract 2971.20,G5020,S,426006,0,+33.7282151,-118.2850928,617479.664062,3706.33209879,A06037297120,297120,,15,US,366,"BlockApportionment:US.BlockGroups;PointsLayer:US.BlockPoints",2.191,2.576,1,37
367,06,037,119310,06037119310,1193.10,Census Tract 1193.10,G5020,S,425102,3695,+34.2450202,-118.4516702,629070.757812,3710.11017474,A06037119310,119310,,16,US,367,"BlockApportionment:US.BlockGroups;PointsLayer:US.BlockPoints",2.191,2.576,1,52
368,06,037,219901,06037219901,2199.01,Census Tract 2199.01,G5020,S,524891,0,+34.0297377,-118.3605226,766157.796875,3711.57308449,A06037219901,219901,,17,US,368,"BlockApportionment:US.BlockGroups;PointsLayer:US.BlockPoints",2.191,2.576,1,34
369,06,037,214600,06037214600,2146,Census Tract 2146,G5020,S,581187,0,+34.0727874,-118.3656444,849184.765625,3724.62249327,A06037214600,214600,,18,US,369,"BlockApportionment:US.BlockGroups;PointsLayer:US.BlockPoints",2.191,2.576,1,41
370,06,037,125401,06037125401,1254.01,Census Tract 1254.01,G5020,S,397783,0,+34.1626066,-118.3743046,582434.0625,3729.74509298,A06037125401,125401,,19,US,370,"BlockApportionment:US.BlockGroups;PointsLayer:US.BlockPoints",2.191,2.576,1,86
371,06,037,199900,06037199900,1999,Census Tract 1999,G5020,S,443012,0,+34.0650794,-118.2115758,647181.921875,3741.01676803,A06037199900,199900,,20,US,371,"BlockApportionment:US.BlockGroups;PointsLayer:US.BlockPoints",2.191,2.576,1,35
372,06,037,241201,06037241201,2412.01,Census Tract 2412.01,G5020,S,485903,0,+33.9402403,-118.2858348,707771.628906,3741.3505712,A06037241201,241201,,21,US,372,"BlockApportionment:US.BlockGroups;PointsLayer:US.BlockPoints",2.191,2.576,1,50
373,06,037,221302,06037221302,2213.02,Census Tract 2213.02,G5020,S,462145,0,+34.0417457,-118.3114921,674762.59375,3746.30675835,A06037221302,221302,,22,US,373,"BlockApportionment:US.BlockGroups;PointsLayer:US.BlockPoints",2.191,2.576,1,30
374,06,037,276603,06037276603,2766.03,Census Tract 2766.03,G5020,S,454684,0,+33.9558338,-118.4365003,662537.71875,3751.32662776,A06037276603,276603,,23,US,374,"BlockApportionment:US.BlockGroups;PointsLayer:US.BlockPoints",2.191,2.576,1,70
375,06,037,120104,06037120104,1201.04,Census Tract 1201.04,G5020,S,453888,0,+34.2239630,-118.4493666,665543.53125,3755.10820356,A06037120104,120104,,24,US,375,"BlockApportionment:US.BlockGroups;PointsLayer:US.BlockPoints",2.191,2.576,1,50
376,06,037,204110,06037204110,2041.10,Census Tract 2041.10,G5020,S,603788,0,+34.0387869,-118.1987145,881508.410156,3758.32611398,A06037204110,204110,,25,US,376,"BlockApportionment:US.BlockGroups;PointsLayer:US.BlockPoints",2.191,2.576,1,43
377,06,037,203200,06037203200,2032,Census Tract 2032,G5020,S,515982,0,+34.0526028,-118.1968646,753558.019531,3760.64740256,A06037203200,203200,,26,US,377,"BlockApportionment:US.BlockGroups;PointsLayer:US.BlockPoints",2.191,2.576,1,46
378,06,037,214700,06037214700,2147,Census Tract 2147,G5020,S,593341,0,+34.0664969,-118.3661529,866815.570312,3766.2121428,A06037214700,214700,,27,US,378,"BlockApportionment:US.BlockGroups;PointsLayer:US.BlockPoints",2.191,2.576,1,33
379,06,037,120010,06037120010,1200.10,Census Tract 1200.10,G5020,S,553982,11621,+34.2191995,-118.4622655,829231.605469,3778.02590294,A06037120010,120010,,28,US,379,"BlockApportionment:US.BlockGroups;PointsLayer:US.BlockPoints",2.191,2.576,1,52
380,06,037,264102,06037264102,2641.02,Census Tract 2641.02,G5020,S,396480,0,+34.0595085,-118.4693771,579128.730469,3778.40371813,A06037264102,264102,,29,US,380,"BlockApportionment:US.BlockGroups;PointsLayer:US.BlockPoints",2.191,2.576,1,42
381,06,037,275101,06037275101,2751.01,Census Tract 2751.01,G5020,S,334329,9884,+33.9992665,-118.4045296,502076.460938,3779.26445254,A06037275101,275101,,30,US,381,"BlockApportionment:US.BlockGroups;PointsLayer:US.BlockPoints",2.191,2.576,1,55
382,06,037,218702,06037218702,2187.02,Census Tract 2187.02,G5020,S,359671,0,+34.0334074,-118.3337765,525038.125,3783.84044043,A06037218702,218702,,31,US,382,"BlockApportionment:US.BlockGroups;PointsLayer:US.BlockPoints",2.191,2.576,1,27
383,06,037,183300,06037183300,1833,Census Tract 1833,G5020,S,541305,0,+34.1210001,-118.2008163,791809.566406,3784.33601653,A06037183300,183300,,32,US,383,"BlockApportionment:US.BlockGroups;PointsLayer:US.BlockPoints",2.191,2.576,1,63
384,06,037,123206,06037123206,1232.06,Census Tract 1232.06,G5020,S,602849,0,+34.1937075,-118.3748665,883332.011719,3789.11291699,A06037123206,123206,,33,US,384,"BlockApportionment:US.BlockGroups;PointsLayer:US.BlockPoints",2.191,2.576,1,34
385,06,037,215101,06037215101,2151.01,Census Tract 2151.01,G5020,S,351705,3300,+34.0636762,-118.3535529,518592.84375,3791.47713833,A06037215101,215101,,34,US,385,"BlockApportionment:US.BlockGroups;PointsLayer:US.BlockPoints",2.191,2.576,1,38
386,06,037,183810,06037183810,1838.10,Census Tract 1838.10,G5020,S,454936,0,+34.1073650,-118.1978496,665251.757812,3792.21251155,A06037183810,183810,,35,US,386,"BlockApportionment:US.BlockGroups;PointsLayer:US.BlockPoints",2.191,2.576,1,46
387,06,037,134522,06037134522,1345.22,Census Tract 1345.22,G5020,S,615306,0,+34.2046744,-118.6017183,901823.320312,3792.27773898,A06037134522,134522,,36,US,387,"BlockApportionment:US.BlockGroups;PointsLayer:US.BlockPoints",2.191,2.576,1,37
388,06,037,277400,06037277400,2774,Census Tract 2774,G5020,S,638940,0,+33.9490353,-118.3743485,930880.941406,3840.37333285,A06037277400,277400,,37,US,388,"BlockApportionment:US.BlockGroups;PointsLayer:US.BlockPoints",2.191,2.576,1,0
389,06,037,191500,06037191500,1915,Census Tract 1915,G5020,S,641384,0,+34.0872608,-118.2960370,937459.800781,3806.01748361,A06037191500,191500,,38,US,389,"BlockApportionment:US.BlockGroups;PointsLayer:US.BlockPoints",2.191,2.576,1,33
390,06,037,237101,06037237101,2371.01,Census Tract 2371.01,G5020,S,628939,0,+33.9856234,-118.2913772,917090.457031,3809.99950563,A06037237101,237101,,39,US,390,"BlockApportionment:US.BlockGroups;PointsLayer:US.BlockPoints",2.191,2.576,1,24
391,06,037,134306,06037134306,1343.06,Census Tract 1343.06,G5020,S,619815,0,+34.2119148,-118.6017021,908586.378906,3815.39123755,A06037134306,134306,,40,US,391,"BlockApportionment:US.BlockGroups;PointsLayer:US.BlockPoints",2.191,2.576,1,65
392,06,037,310100,06037310100,3101,Census Tract 3101,G5020,S,13052241,58294,+34.2073831,-118.3073649,19216918.4688,21182.6264764,A06037310100,310100,,41,US,392,"BlockApportionment:US.BlockGroups;PointsLayer:US.BlockPoints",2.191,2.576,0,0
393,06,037,219500,06037219500,2195,Census Tract 2195,G5020,S,557587,0,+34.0209191,-118.3405648,813720.617188,3836.1503363,A06037219500,219500,,42,US,393,"BlockApportionment:US.BlockGroups;PointsLayer:US.BlockPoints",2.191,2.576,1,60
394,06,037,197600,06037197600,1976,Census Tract 1976,G5020,S,388300,0,+34.0683315,-118.2519864,567293.804688,3836.16174871,A06037197600,197600,,43,US,394,"BlockApportionment:US.BlockGroups;PointsLayer:US.BlockPoints",2.191,2.576,1,49
395,06,037,600802,06037600802,6008.02,Census Tract 6008.02,G5020,S,1940002,3434,+33.9661039,-118.3367197,2832531.54297,7492.91052759,A06037600802,600802,,44,US,395,"BlockApportionment:US.BlockGroups;PointsLayer:US.BlockPoints",2.191,2.576,0,0
396,06,037,197500,06037197500,1975,Census Tract 1975,G5020,S,581662,58811,+34.0717475,-118.2577066,935815.378906,3839.0453398,A06037197500,197500,,45,US,396,"BlockApportionment:US.BlockGroups;PointsLayer:US.BlockPoints",2.191,2.576,1,42
397,06,037,201200,06037201200,2012,Census Tract 2012,G5020,S,440870,0,+34.0887085,-118.1785472,644404.316406,3842.79593894,A06037201200,201200,,46,US,397,"BlockApportionment:US.BlockGroups;PointsLayer:US.BlockPoints",2.191,2.576,1,47
398,06,037,183510,06037183510,1835.10,Census Tract 1835.10,G5020,S,500438,0,+34.1154022,-118.2030827,731936.738281,3853.19179469,A06037183510,183510,,47,US,398,"BlockApportionment:US.BlockGroups;PointsLayer:US.BlockPoints",2.191,2.576,1,65
399,06,037,222100,06037222100,2221,Census Tract 2221,G5020,S,478936,0,+34.0273170,-118.3023777,699043.042969,3857.14508818,A06037222100,222100,,48,US,399,"BlockApportionment:US.BlockGroups;PointsLayer:US.BlockPoints",2.191,2.576,1,45
400,06,037,183401,06037183401,1834.01,Census Tract 1834.01,G5020,S,485332,0,+34.1216662,-118.2092262,709943.808594,3864.19643425,A06037183401,183401,,49,US,400,"BlockApportionment:US.BlockGroups;PointsLayer:US.BlockPoints",2.191,2.576,1,46
401,06,037,183820,06037183820,1838.20,Census Tract 1838.20,G5020,S,308653,0,+34.1039593,-118.1971254,451309.46875,3864.88139756,A06037183820,183820,,0,US,401,"BlockApportionment:US.BlockGroups;PointsLayer:US.BlockPoints",2.191,2.576,1,35
402,06,037,134903,06037134903,1349.03,Census Tract 1349.03,G5020,S,564487,1794,+34.1924692,-118.5916956,829716.664062,3867.50442722,A06037134903,134903,,1,US,402,"BlockApportionment:US.BlockGroups;PointsLayer:US.BlockPoints",2.191,2.576,1,0
403,06,037,127804,06037127804,1278.04,Census Tract 1278.04,G5020,S,638135,0,+34.1974925,-118.4618229,935126.300781,3868.21527582,A06037127804,127804,,2,US,403,"BlockApportionment:US.BlockGroups;PointsLayer:US.BlockPoints",2.191,2.576,1,45
404,06,037,222200,06037222200,2222,Census Tract 2222,G5020,S,481868,0,+34.0309167,-118.3024156,703382.09375,3874.28003285,A06037222200,222200,,3,US,404,"BlockApportionment:US.BlockGroups;PointsLayer:US.BlockPoints",2.191,2.576,1,34
405,06,037,275200,06037275200,2752,Census Tract 2752,G5020,S,462852,1250,+33.9956333,-118.4203026,676886.78125,3874.32722957,A06037275200,275200,,4,US,405,"BlockApportionment:US.BlockGroups;PointsLayer:US.BlockPoints",2.191,2.576,1,44
406,06,037,221220,06037221220,2212.20,Census Tract 2212.20,G5020,S,659399,0,+34.0435736,-118.2960214,962806.914062,3878.0592883,A06037221220,221220,,5,US,406,"BlockApportionment:US.BlockGroups;PointsLayer:US.BlockPoints",2.191,2.576,1,40
407,06,037,211120,06037211120,2111.20,Census Tract 2111.20,G5020,S,567077,0,+34.0652365,-118.2877775,828422.273438,3879.31927202,A06037211120,211120,,6,US,407,"BlockApportionment:US.BlockGroups;PointsLayer:US.BlockPoints",2.191,2.576,1,42
408,06,037,224410,06037224410,2244.10,Census Tract 2244.10,G5020,S,453260,0,+34.0351369,-118.2799795,661687.761719,3880.01420716,A06037224410,224410,,7,US,408,"BlockApportionment:US.BlockGroups;PointsLayer:US.BlockPoints",2.191,2.576,1,21
409,06,037,211701,06037211701,2117.01,Census Tract 2117.01,G5020,S,651518,0,+34.0653405,-118.3184531,951781.148438,3881.75932251,A06037211701,211701,,8,US,409,"BlockApportionment:US.BlockGroups;PointsLayer:US.BlockPoints",2.191,2.576,1,20
410,06,037,127803,06037127803,1278.03,Census Tract 1278.03,G5020,S,640835,0,+34.1975153,-118.4530799,939083.316406,3882.36079192,A06037127803,127803,,9,US,410,"BlockApportionment:US.BlockGroups;PointsLayer:US.BlockPoints",2.191,2.576,1,41
411,06,037,239501,06037239501,2395.01,Census Tract 2395.01,G5020,S,474213,0,+33.9729857,-118.2628927,691270.429688,3887.2574207,A06037239501,239501,,10,US,411,"BlockApportionment:US.BlockGroups;PointsLayer:US.BlockPoints",2.191,2.576,1,55
412,06,037,121801,06037121801,1218.01,Census Tract 1218.01,G5020,S,485689,0,+34.2114871,-118.3928771,711960.5625,3897.21662494,A06037121801,121801,,11,US,412,"BlockApportionment:US.BlockGroups;PointsLayer:US.BlockPoints",2.191,2.576,1,36
413,06,037,222600,06037222600,2226,Census Tract 2226,G5020,S,651938,0,+34.0218424,-118.2958710,951429.125,3897.86080483,A06037222600,222600,,12,US,413,"BlockApportionment:US.BlockGroups;PointsLayer:US.BlockPoints",2.191,2.576,1,24
414,06,037,134104,06037134104,1341.04,Census Tract 1341.04,G5020,S,647979,0,+34.2119534,-118.5753847,949875.230469,3898.09504461,A06037134104,134104,,13,US,414,"BlockApportionment:US.BlockGroups;PointsLayer:US.BlockPoints",2.191,2.576,1,46
415,06,037,127605,06037127605,1276.05,Census Tract 1276.05,G5020,S,644921,3699,+34.1897270,-118.4847378,950329.84375,3899.34314966,A06037127605,127605,,14,US,415,"BlockApportionment:US.BlockGroups;PointsLayer:US.BlockPoints",2.191,2.576,1,44
416,06,037,127920,06037127920,1279.20,Census Tract 1279.20,G5020,S,648714,0,+34.1975655,-118.4356225,950628.683594,3899.89144298,A06037127920,127920,,15,US,416,"BlockApportionment:US.BlockGroups;PointsLayer:US.BlockPoints",2.191,2.576,1,53
417,06,037,128102,06037128102,1281.02,Census Tract 1281.02,G5020,S,648808,0,+34.1902959,-118.4443506,950604.648438,3900.10350492,A06037128102,128102,,16,US,417,"BlockApportionment:US.BlockGroups;PointsLayer:US.BlockPoints",2.191,2.576,1,42
418,06,037,128101,06037128101,1281.01,Census Tract 1281.01,G5020,S,648896,0,+34.1902993,-118.4356174,950731.121094,3900.12668992,A06037128101,128101,,17,US,418,"BlockApportionment:US.BlockGroups;PointsLayer:US.BlockPoints",2.191,2.576,1,46
419,06,037,124102,06037124102,1241.02,Census Tract 1241.02,G5020,S,649220,0,+34.1757824,-118.3833988,950884.691406,3900.29274298,A06037124102,124102,,18,US,419,"BlockApportionment:US.BlockGroups;PointsLayer:US.BlockPoints",2.191,2.576,1,42
420,06,037,127910,06037127910,1279.10,Census Tract 1279.10,G5020,S,649785,0,+34.1975649,-118.4443625,952197.84375,3904.00586628,A06037127910,127910,,19,US,420,"BlockApportionment:US.BlockGroups;PointsLayer:US.BlockPoints",2.191,2.576,1,40
421,06,037,222500,06037222500,2225,Census Tract 2225,G5020,S,652465,0,+34.0218497,-118.3045508,952195.945312,3905.55511119,A06037222500,222500,,20,US,421,"BlockApportionment:US.BlockGroups;PointsLayer:US.BlockPoints",2.191,2.576,1,44
422,06,037,234800,06037234800,2348,Census Tract 2348,G5020,S,654191,0,+33.9818234,-118.3220826,953823.425781,3906.51830791,A06037234800,234800,,21,US,422,"BlockApportionment:US.BlockGroups;PointsLayer:US.BlockPoints",2.191,2.576,1,59
423,06,037,127220,06037127220,1272.20,Census Tract 1272.20,G5020,S,652930,0,+34.2047822,-118.4531264,956970.90625,3910.82791485,A06037127220,127220,,22,US,423,"BlockApportionment:US.BlockGroups;PointsLayer:US.BlockPoints",2.191,2.576,1,39
424,06,037,221900,06037221900,2219,Census Tract 2219,G5020,S,409740,0,+34.0267694,-118.2895621,598035.128906,3911.38772742,A06037221900,221900,,23,US,424,"BlockApportionment:US.BlockGroups;PointsLayer:US.BlockPoints",2.191,2.576,1,0
425,06,037,320300,06037320300,3203,Census Tract 3203,G5020,S,1714689,0,+34.2821477,-118.4458616,2517724.61719,6771.86216847,A06037320300,320300,,24,US,425,"BlockApportionment:US.BlockGroups;PointsLayer:US.BlockPoints",2.191,2.576,0,0
426,06,037,218701,06037218701,2187.01,Census Tract 2187.01,G5020,S,549908,0,+34.0373889,-118.3333058,802821.019531,3932.47458929,A06037218701,218701,,25,US,426,"BlockApportionment:US.BlockGroups;PointsLayer:US.BlockPoints",2.191,2.576,1,34
427,06,037,131701,06037131701,1317.01,Census Tract 1317.01,G5020,S,659667,0,+34.2046643,-118.5578906,966842.65625,3933.24767864,A06037131701,131701,,26,US,427,"BlockApportionment:US.BlockGroups;PointsLayer:US.BlockPoints",2.191,2.576,1,54
428,06,037,203600,06037203600,2036,Census Tract 2036,G5020,S,553402,0,+34.0513395,-118.2095139,808186.671875,3934.40524459,A06037203600,203600,,27,US,428,"BlockApportionment:US.BlockGroups;PointsLayer:US.BlockPoints",2.191,2.576,1,48
429,06,037,212701,06037212701,2127.01,Census Tract 2127.01,G5020,S,469617,0,+34.0543037,-118.3193139,685875.28125,3936.55884744,A06037212701,212701,,28,US,429,"BlockApportionment:US.BlockGroups;PointsLayer:US.BlockPoints",2.191,2.576,1,31
430,06,037,271901,06037271901,2719.01,Census Tract 2719.01,G5020,S,637161,21017,+34.0131825,-118.4231336,960351.957031,3942.82927734,A06037271901,271901,,29,US,430,"BlockApportionment:US.BlockGroups;PointsLayer:US.BlockPoints",2.191,2.576,1,42
431,06,037,121101,06037121101,1211.01,Census Tract 1211.01,G5020,S,472252,0,+34.2244170,-118.3654293,692475.191406,3959.89573562,A06037121101,121101,,30,US,431,"BlockApportionment:US.BlockGroups;PointsLayer:US.BlockPoints",2.191,2.576,1,51
432,06,037,199800,06037199800,1998,Census Tract 1998,G5020,S,651258,0,+34.0706563,-118.2103403,951523.761719,3962.91966059,A06037199800,199800,,31,US,432,"BlockApportionment:US.BlockGroups;PointsLayer:US.BlockPoints",2.191,2.576,1,32
433,06,037,239502,06037239502,2395.02,Census Tract 2395.02,G5020,S,510917,0,+33.9693296,-118.2630441,744714.960938,3977.58211248,A06037239502,239502,,32,US,433,"BlockApportionment:US.BlockGroups;PointsLayer:US.BlockPoints",2.191,2.576,1,60
434,06,037,702502,06037702502,7025.02,Census Tract 7025.02,G5020,S,1798268,16889,+34.0124337,-118.3860853,2648512.08594,9564.37331905,A06037702502,702502,,33,US,434,"BlockApportionment:US.BlockGroups;PointsLayer:US.BlockPoints",2.191,2.576,1,0
435,06,037,236203,06037236203,2362.03,Census Tract 2362.03,G5020,S,339340,0,+34.0184551,-118.3467705,495187.78125,3987.62412994,A06037236203,236203,,34,US,435,"BlockApportionment:US.BlockGroups;PointsLayer:US.BlockPoints",2.191,2.576,1,0
436,06,037,222002,06037222002,2220.02,Census Tract 2220.02,G5020,S,655700,0,+34.0218914,-118.3132782,956919.347656,3991.87662397,A06037222002,222002,,35,US,436,"BlockApportionment:US.BlockGroups;PointsLayer:US.BlockPoints",2.191,2.576,1,46
437,06,037,204300,06037204300,2043,Census Tract 2043,G5020,S,643479,0,+34.0387492,-118.2078724,939452.246094,4009.62640143,A06037204300,204300,,36,US,437,"BlockApportionment:US.BlockGroups;PointsLayer:US.BlockPoints",2.191,2.576,1,38
438,06,037,480702,06037480702,4807.02,Census Tract 4807.02,G5020,S,2176087,0,+34.1049412,-118.1699083,3181928.51953,8227.51239642,A06037480702,480702,,37,US,438,"BlockApportionment:US.BlockGroups;PointsLayer:US.BlockPoints",2.191,2.576,0,0
439,06,037,702802,06037702802,7028.02,Census Tract 7028.02,G5020,S,610046,0,+34.0053604,-118.4165319,889949.875,5689.61135743,A06037702802,702802,,38,US,439,"BlockApportionment:US.BlockGroups;PointsLayer:US.BlockPoints",2.191,2.576,0,0
440,06,037,217001,06037217001,2170.01,Census Tract 2170.01,G5020,S,548535,0,+34.0523836,-118.3870300,801096.5,4032.587825,A06037217001,217001,,39,US,440,"BlockApportionment:US.BlockGroups;PointsLayer:US.BlockPoints",2.191,2.576,1,36
441,06,037,104404,06037104404,1044.04,Census Tract 1044.04,G5020,S,539620,0,+34.2639207,-118.4286916,791998.207031,4037.76162334,A06037104404,104404,,40,US,441,"BlockApportionment:US.BlockGroups;PointsLayer:US.BlockPoints",2.191,2.576,1,60
442,06,037,291120,06037291120,2911.20,Census Tract 2911.20,G5020,S,701467,0,+33.9127920,-118.2869267,1021112.65234,4043.06293683,A06037291120,291120,,41,US,442,"BlockApportionment:US.BlockGroups;PointsLayer:US.BlockPoints",2.191,2.576,1,41
443,06,037,132502,06037132502,1325.02,Census Tract 1325.02,G5020,S,614444,10361,+34.1911391,-118.5469513,915446.453125,4047.61471719,A06037132502,132502,,42,US,443,"BlockApportionment:US.BlockGroups;PointsLayer:US.BlockPoints",2.191,2.576,1,68
444,06,037,273700,06037273700,2737,Census Tract 2737,G5020,S,690355,0,+33.9983793,-118.4526782,1006937.97266,4050.92918222,A06037273700,273700,,43,US,444,"BlockApportionment:US.BlockGroups;PointsLayer:US.BlockPoints",2.191,2.576,1,42
445,06,037,190100,06037190100,1901,Census Tract 1901,G5020,S,600603,0,+34.0994853,-118.3416948,878109.058594,4059.90472391,A06037190100,190100,,44,US,445,"BlockApportionment:US.BlockGroups;PointsLayer:US.BlockPoints",2.191,2.576,1,44
446,06,037,132501,06037132501,1325.01,Census Tract 1325.01,G5020,S,700497,4303,+34.1968245,-118.5485970,1032814.90625,4061.41957266,A06037132501,132501,,45,US,446,"BlockApportionment:US.BlockGroups;PointsLayer:US.BlockPoints",2.191,2.576,1,55
447,06,037,218500,06037218500,2185,Census Tract 2185,G5020,S,523255,0,+34.0373857,-118.3505694,763911.414062,4066.6693124,A06037218500,218500,,46,US,447,"BlockApportionment:US.BlockGroups;PointsLayer:US.BlockPoints",2.191,2.576,1,29
448,06,037,186202,06037186202,1862.02,Census Tract 1862.02,G5020,S,408258,0,+34.1200290,-118.2241896,597176.941406,4073.19276812,A06037186202,186202,,47,US,448,"BlockApportionment:US.BlockGroups;PointsLayer:US.BlockPoints",2.191,2.576,1,58
449,06,037,121221,06037121221,1212.21,Census Tract 1212.21,G5020,S,504267,0,+34.2276175,-118.3955625,739476.878906,4077.71449881,A06037121221,121221,,48,US,449,"BlockApportionment:US.BlockGroups;PointsLayer:US.BlockPoints",2.191,2.576,1,59
450,06,037,104203,06037104203,1042.03,Census Tract 1042.03,G5020,S,707989,0,+34.2790579,-118.4115542,1039483.90625,4082.2502919,A06037104203,104203,,49,US,450,"BlockApportionment:US.BlockGroups;PointsLayer:US.BlockPoints",2.191,2.576,1,60
451,06,037,125402,06037125402,1254.02,Census Tract 1254.02,G5020,S,696294,0,+34.1566827,-118.3740062,1019378.11719,4089.25853499,A06037125402,125402,,0,US,451,"BlockApportionment:US.BlockGroups;PointsLayer:US.BlockPoints",2.191,2.576,1,59
452,06,037,240402,06037240402,2404.02,Census Tract 2404.02,G5020,S,601299,0,+33.9446893,-118.2854788,875951.484375,4091.21716757,A06037240402,240402,,1,US,452,"BlockApportionment:US.BlockGroups;PointsLayer:US.BlockPoints",2.191,2.576,1,53
453,06,037,104701,06037104701,1047.01,Census Tract 1047.01,G5020,S,550504,0,+34.2684745,-118.4152140,808058.476562,4097.84093493,A06037104701,104701,,2,US,453,"BlockApportionment:US.BlockGroups;PointsLayer:US.BlockPoints",2.191,2.576,1,33
454,06,037,201601,06037201601,2016.01,Census Tract 2016.01,G5020,S,540413,0,+34.0726971,-118.1774624,789607.003906,4100.21734074,A06037201601,201601,,3,US,454,"BlockApportionment:US.BlockGroups;PointsLayer:US.BlockPoints",2.191,2.576,1,55
455,06,037,115403,06037115403,1154.03,Census Tract 1154.03,G5020,S,703743,0,+34.2247342,-118.5317299,1031927.61328,4102.22461769,A06037115403,115403,,4,US,455,"BlockApportionment:US.BlockGroups;PointsLayer:US.BlockPoints",2.191,2.576,1,49
456,06,037,122410,06037122410,1224.10,Census Tract 1224.10,G5020,S,706992,0,+34.2044832,-118.3919739,1036201.76562,4103.15665328,A06037122410,122410,,5,US,456,"BlockApportionment:US.BlockGroups;PointsLayer:US.BlockPoints",2.191,2.576,1,47
457,06,037,131702,06037131702,1317.02,Census Tract 1317.02,G5020,S,716344,4766,+34.2035942,-118.5476933,1056890.5,4116.09285877,A06037131702,131702,,6,US,457,"BlockApportionment:US.BlockGroups;PointsLayer:US.BlockPoints",2.191,2.576,1,61
458,06,037,191000,06037191000,1910,Census Tract 1910,G5020,S,648704,0,+34.1009548,-118.3216769,948459.191406,4120.23764746,A06037191000,191000,,7,US,458,"BlockApportionment:US.BlockGroups;PointsLayer:US.BlockPoints",2.191,2.576,1,54
459,06,037,216100,06037216100,2161,Census Tract 2161,G5020,S,675031,0,+34.0569256,-118.3379721,985938.152344,4123.68637543,A06037216100,216100,,8,US,459,"BlockApportionment:US.BlockGroups;PointsLayer:US.BlockPoints",2.191,2.576,1,58
460,06,037,239802,06037239802,2398.02,Census Tract 2398.02,G5020,S,609444,0,+33.9624080,-118.2629489,888184.820312,4135.74344111,A06037239802,239802,,9,US,460,"BlockApportionment:US.BlockGroups;PointsLayer:US.BlockPoints",2.191,2.576,1,55
461,06,037,219020,06037219020,2190.20,Census Tract 2190.20,G5020,S,726494,0,+34.0222083,-118.3226729,1060245.28906,4137.16300104,A06037219020,219020,,10,US,461,"BlockApportionment:US.BlockGroups;PointsLayer:US.BlockPoints",2.191,2.576,1,43
462,06,037,183402,06037183402,1834.02,Census Tract 1834.02,G5020,S,513456,0,+34.1257207,-118.2164099,751153.578125,4138.82414816,A06037183402,183402,,11,US,462,"BlockApportionment:US.BlockGroups;PointsLayer:US.BlockPoints",2.191,2.576,1,47
463,06,037,219300,06037219300,2193,Census Tract 2193,G5020,S,651811,0,+34.0267587,-118.3318299,951352.78125,4139.7286417,A06037219300,219300,,12,US,463,"BlockApportionment:US.BlockGroups;PointsLayer:US.BlockPoints",2.191,2.576,1,38
464,06,037,273502,06037273502,2735.02,Census Tract 2735.02,G5020,S,593097,193545,+33.9867153,-118.4722260,1147079.62109,4879.99388277,A06037273502,273502,,13,US,464,"BlockApportionment:US.BlockGroups;PointsLayer:US.BlockPoints",2.191,2.576,1,26
465,06,037,214800,06037214800,2148,Census Tract 2148,G5020,S,576884,0,+34.0713896,-118.3730515,842871.234375,4147.07660317,A06037214800,214800,,14,US,465,"BlockApportionment:US.BlockGroups;PointsLayer:US.BlockPoints",2.191,2.576,1,45
466,06,037,127104,06037127104,1271.04,Census Tract 1271.04,G5020,S,707802,0,+34.2051759,-118.4357985,1037402.91797,4159.6748357,A06037127104,127104,,15,US,466,"BlockApportionment:US.BlockGroups;PointsLayer:US.BlockPoints",2.191,2.576,1,41
467,06,037,240401,06037240401,2404.01,Census Tract 2404.01,G5020,S,693040,0,+33.9499184,-118.2857158,1009717.26953,4161.02669589,A06037240401,240401,,16,US,467,"BlockApportionment:US.BlockGroups;PointsLayer:US.BlockPoints",2.191,2.576,1,35
468,06,037,296901,06037296901,2969.01,Census Tract 2969.01,G5020,S,617328,0,+33.7301628,-118.2945655,894839.015625,4162.41685163,A06037296901,296901,,17,US,468,"BlockApportionment:US.BlockGroups;PointsLayer:US.BlockPoints",2.191,2.576,1,46
469,06,037,104500,06037104500,1045,Census Tract 1045,G5020,S,531002,0,+34.2555108,-118.4257479,779197.679688,4173.33521981,A06037104500,104500,,18,US,469,"BlockApportionment:US.BlockGroups;PointsLayer:US.BlockPoints",2.191,2.576,1,71
470,06,037,104620,06037104620,1046.20,Census Tract 1046.20,G5020,S,531171,0,+34.2579043,-118.4224647,779486.578125,4173.36862847,A06037104620,104620,,19,US,470,"BlockApportionment:US.BlockGroups;PointsLayer:US.BlockPoints",2.191,2.576,1,57
471,06,037,104821,06037104821,1048.21,Census Tract 1048.21,G5020,S,531802,0,+34.2465705,-118.4162955,780206.078125,4173.47133592,A06037104821,104821,,20,US,471,"BlockApportionment:US.BlockGroups;PointsLayer:US.BlockPoints",2.191,2.576,1,65
472,06,037,620101,06037620101,6201.01,Census Tract 6201.01,G5020,S,1351683,3064,+33.9274501,-118.4208606,1972749.76562,5934.32997051,A06037620101,620101,,21,US,472,"BlockApportionment:US.BlockGroups;PointsLayer:US.BlockPoints",2.191,2.576,0,0
473,06,037,293306,06037293306,2933.06,Census Tract 2933.06,G5020,S,613553,1884,+33.7818249,-118.3043625,893177.890625,4231.11627262,A06037293306,293306,,22,US,473,"BlockApportionment:US.BlockGroups;PointsLayer:US.BlockPoints",2.191,2.576,1,75
474,06,037,265601,06037265601,2656.01,Census Tract 2656.01,G5020,S,623099,0,+34.0558599,-118.4327259,910066.699219,4223.45449299,A06037265601,265601,,23,US,474,"BlockApportionment:US.BlockGroups;PointsLayer:US.BlockPoints",2.191,2.576,1,60
475,06,037,218900,06037218900,2189,Census Tract 2189,G5020,S,703403,0,+34.0326941,-118.3230172,1026797.85547,4234.78147429,A06037218900,218900,,24,US,475,"BlockApportionment:US.BlockGroups;PointsLayer:US.BlockPoints",2.191,2.576,1,28
476,06,037,242300,06037242300,2423,Census Tract 2423,G5020,S,630038,0,+33.9485060,-118.2461145,917899.777344,4237.13012795,A06037242300,242300,,25,US,476,"BlockApportionment:US.BlockGroups;PointsLayer:US.BlockPoints",2.191,2.576,1,45
477,06,037,217002,06037217002,2170.02,Census Tract 2170.02,G5020,S,771339,0,+34.0495333,-118.3804933,1126406.83594,4251.06709608,A06037217002,217002,,26,US,477,"BlockApportionment:US.BlockGroups;PointsLayer:US.BlockPoints",2.191,2.576,1,40
478,06,037,265202,06037265202,2652.02,Census Tract 2652.02,G5020,S,575316,0,+34.0619001,-118.4411825,840397.238281,4251.24923779,A06037265202,265202,,27,US,478,"BlockApportionment:US.BlockGroups;PointsLayer:US.BlockPoints",2.191,2.576,1,27
479,06,037,216800,06037216800,2168,Census Tract 2168,G5020,S,739843,0,+34.0557841,-118.3706043,1080571.86328,4252.02217862,A06037216800,216800,,28,US,479,"BlockApportionment:US.BlockGroups;PointsLayer:US.BlockPoints",2.191,2.576,1,39
480,06,037,123104,06037123104,1231.04,Census Tract 1231.04,G5020,S,781693,0,+34.1828906,-118.3650028,1145101.45312,4255.28567491,A06037123104,123104,,29,US,480,"BlockApportionment:US.BlockGroups;PointsLayer:US.BlockPoints",2.191,2.576,1,39
481,06,037,123205,06037123205,1232.05,Census Tract 1232.05,G5020,S,757734,0,+34.1945637,-118.3835614,1110303.63672,4256.15403579,A06037123205,123205,,30,US,481,"BlockApportionment:US.BlockGroups;PointsLayer:US.BlockPoints",2.191,2.576,1,34
482,06,037,291110,06037291110,2911.10,Census Tract 2911.10,G5020,S,711350,0,+33.9200912,-118.2868209,1035676.30469,4264.96446051,A06037291110,291110,,31,US,482,"BlockApportionment:US.BlockGroups;PointsLayer:US.BlockPoints",2.191,2.576,1,27
483,06,037,191902,06037191902,1919.02,Census Tract 1919.02,G5020,S,726302,0,+34.0837728,-118.3388222,1061486.74219,4261.9103678,A06037191902,191902,,32,US,483,"BlockApportionment:US.BlockGroups;PointsLayer:US.BlockPoints",2.191,2.576,1,36
484,06,037,294301,06037294301,2943.01,Census Tract 2943.01,G5020,S,713041,0,+33.7946618,-118.2795526,1035121.97266,4286.7440909,A06037294301,294301,,33,US,484,"BlockApportionment:US.BlockGroups;PointsLayer:US.BlockPoints",2.191,2.576,1,65
485,06,037,192001,06037192001,1920.01,Census Tract 1920.01,G5020,S,530779,0,+34.0852271,-118.3472967,775758.761719,4272.67968636,A06037192001,192001,,34,US,485,"BlockApportionment:US.BlockGroups;PointsLayer:US.BlockPoints",2.191,2.576,1,34
486,06,037,104610,06037104610,1046.10,Census Tract 1046.10,G5020,S,592138,0,+34.2604355,-118.4189927,869006.835938,4283.90747796,A06037104610,104610,,35,US,486,"BlockApportionment:US.BlockGroups;PointsLayer:US.BlockPoints",2.191,2.576,1,67
487,06,037,197420,06037197420,1974.20,Census Tract 1974.20,G5020,S,615579,0,+34.0832000,-118.2571856,899655.796875,4285.29798098,A06037197420,197420,,36,US,487,"BlockApportionment:US.BlockGroups;PointsLayer:US.BlockPoints",2.191,2.576,1,46
488,06,037,234502,06037234502,2345.02,Census Tract 2345.02,G5020,S,544856,0,+34.0018666,-118.3244227,794785.957031,4288.76554648,A06037234502,234502,,37,US,488,"BlockApportionment:US.BlockGroups;PointsLayer:US.BlockPoints",2.191,2.576,1,31
489,06,037,104105,06037104105,1041.05,Census Tract 1041.05,G5020,S,584682,0,+34.2761480,-118.4046859,858384.097656,4298.39642731,A06037104105,104105,,38,US,489,"BlockApportionment:US.BlockGroups;PointsLayer:US.BlockPoints",2.191,2.576,1,48
490,06,037,218220,06037218220,2182.20,Census Tract 2182.20,G5020,S,672776,0,+34.0434012,-118.3348919,982334.699219,4301.00110073,A06037218220,218220,,39,US,490,"BlockApportionment:US.BlockGroups;PointsLayer:US.BlockPoints",2.191,2.576,1,25
491,06,037,206200,06037206200,2062,Census Tract 2062,G5020,S,578728,0,+34.0469940,-118.2415978,845082.585938,4303.83310633,A06037206200,206200,,40,US,491,"BlockApportionment:US.BlockGroups;PointsLayer:US.BlockPoints",2.191,2.576,1,19
492,06,037,216700,06037216700,2167,Census Tract 2167,G5020,S,777949,0,+34.0482451,-118.3719490,1136029.51953,4313.94523459,A06037216700,216700,,41,US,492,"BlockApportionment:US.BlockGroups;PointsLayer:US.BlockPoints",2.191,2.576,1,48
493,06,037,123902,06037123902,1239.02,Census Tract 1239.02,G5020,S,664412,0,+34.1758783,-118.3922288,973134.582031,4315.58664664,A06037123902,123902,,42,US,493,"BlockApportionment:US.BlockGroups;PointsLayer:US.BlockPoints",2.191,2.576,1,51
494,06,037,117101,06037117101,1171.01,Census Tract 1171.01,G5020,S,771813,7676,+34.2391372,-118.4621301,1143387.91797,4318.49634562,A06037117101,117101,,43,US,494,"BlockApportionment:US.BlockGroups;PointsLayer:US.BlockPoints",2.191,2.576,1,81
495,06,037,212800,06037212800,2128,Census Tract 2128,G5020,S,781274,0,+34.0518662,-118.3305985,1140978.11328,4322.50555968,A06037212800,212800,,44,US,495,"BlockApportionment:US.BlockGroups;PointsLayer:US.BlockPoints",2.191,2.576,1,25
496,06,037,141101,06037141101,1411.01,Census Tract 1411.01,G5020,S,736755,22366,+34.1511670,-118.4243044,1111220.59375,4326.57937793,A06037141101,141101,,45,US,496,"BlockApportionment:US.BlockGroups;PointsLayer:US.BlockPoints",2.191,2.576,1,48
497,06,037,188202,06037188202,1882.02,Census Tract 1882.02,G5020,S,758731,0,+34.1163982,-118.2797464,1109734.92188,4329.7218978,A06037188202,188202,,46,US,497,"BlockApportionment:US.BlockGroups;PointsLayer:US.BlockPoints",2.191,2.576,1,33
498,06,037,275500,06037275500,2755,Census Tract 2755,G5020,S,762038,25712,+33.9918105,-118.4148705,1148834.58984,4331.07213044,A06037275500,275500,,47,US,498,"BlockApportionment:US.BlockGroups;PointsLayer:US.BlockPoints",2.191,2.576,1,21
499,06,037,137103,06037137103,1371.03,Census Tract 1371.03,G5020,S,759715,0,+34.1744854,-118.6013397,1112689.83984,4346.07625402,A06037137103,137103,,48,US,499,"BlockApportionment:US.BlockGroups;PointsLayer:US.BlockPoints",2.191,2.576,1,66
500,06,037,273402,06037273402,2734.02,Census Tract 2734.02,G5020,S,622691,387101,+33.9918529,-118.4792029,1472654.76953,5081.06327161,A06037273402,273402,,49,US,500,"BlockApportionment:US.BlockGroups;PointsLayer:US.BlockPoints",2.191,2.576,1,19
501,06,037,700300,06037700300,7003,Census Tract 7003,G5020,S,607144,0,+34.0918485,-118.3720584,887509.5625,5249.17522739,A06037700300,700300,,0,US,501,"BlockApportionment:US.BlockGroups;PointsLayer:US.BlockPoints",2.191,2.576,0,0
502,06,037,203100,06037203100,2031,Census Tract 2031,G5020,S,657447,0,+34.0590790,-118.1964766,960300.296875,4361.19057353,A06037203100,203100,,1,US,502,"BlockApportionment:US.BlockGroups;PointsLayer:US.BlockPoints",2.191,2.576,1,27
503,06,037,227010,06037227010,2270.10,Census Tract 2270.10,G5020,S,579198,0,+34.0185256,-118.2469968,845206.683594,4363.19478539,A06037227010,227010,,2,US,503,"BlockApportionment:US.BlockGroups;PointsLayer:US.BlockPoints",2.191,2.576,1,47
504,06,037,191901,06037191901,1919.01,Census Tract 1919.01,G5020,S,773161,0,+34.0906829,-118.3383611,1130160.86328,4378.12709372,A06037191901,191901,,3,US,504,"BlockApportionment:US.BlockGroups;PointsLayer:US.BlockPoints",2.191,2.576,1,36
505,06,037,265201,06037265201,2652.01,Census Tract 2652.01,G5020,S,438820,0,+34.0668275,-118.4364091,641079.992188,4383.55510241,A06037265201,265201,,4,US,505,"BlockApportionment:US.BlockGroups;PointsLayer:US.BlockPoints",2.191,2.576,1,27
506,06,037,132101,06037132101,1321.01,Census Tract 1321.01,G5020,S,810523,0,+34.1902625,-118.4956552,1187540.75781,4384.95996568,A06037132101,132101,,5,US,506,"BlockApportionment:US.BlockGroups;PointsLayer:US.BlockPoints",2.191,2.576,1,67
507,06,037,294610,06037294610,2946.10,Census Tract 2946.10,G5020,S,823808,0,+33.7873240,-118.2581968,1195716.99609,4389.41178816,A06037294610,294610,,6,US,507,"BlockApportionment:US.BlockGroups;PointsLayer:US.BlockPoints",2.191,2.576,1,58
508,06,037,185203,06037185203,1852.03,Census Tract 1852.03,G5020,S,548105,0,+34.1001268,-118.2316876,801363.050781,4403.72028772,A06037185203,185203,,7,US,508,"BlockApportionment:US.BlockGroups;PointsLayer:US.BlockPoints",2.191,2.576,1,44
509,06,037,296902,06037296902,2969.02,Census Tract 2969.02,G5020,S,493111,0,+33.7344706,-118.2956423,714853.675781,4400.58461034,A06037296902,296902,,8,US,509,"BlockApportionment:US.BlockGroups;PointsLayer:US.BlockPoints",2.191,2.576,1,48
510,06,037,221602,06037221602,2216.02,Census Tract 2216.02,G5020,S,522794,0,+34.0384299,-118.2921027,763253.648438,4414.59953516,A06037221602,221602,,9,US,510,"BlockApportionment:US.BlockGroups;PointsLayer:US.BlockPoints",2.191,2.576,1,26
511,06,037,186403,06037186403,1864.03,Census Tract 1864.03,G5020,S,545640,0,+34.1117882,-118.2395216,797974.128906,4424.00807813,A06037186403,186403,,10,US,511,"BlockApportionment:US.BlockGroups;PointsLayer:US.BlockPoints",2.191,2.576,1,55
512,06,037,122121,06037122121,1221.21,Census Tract 1221.21,G5020,S,411960,0,+34.2142143,-118.3705556,603923.679688,4426.43773237,A06037122121,122121,,11,US,512,"BlockApportionment:US.BlockGroups;PointsLayer:US.BlockPoints",2.191,2.576,1,52
513,06,037,189102,06037189102,1891.02,Census Tract 1891.02,G5020,S,624379,0,+34.1126007,-118.2884331,913143.992188,4430.93232334,A06037189102,189102,,12,US,513,"BlockApportionment:US.BlockGroups;PointsLayer:US.BlockPoints",2.191,2.576,1,39
514,06,037,190301,06037190301,1903.01,Census Tract 1903.01,G5020,S,403362,0,+34.1037944,-118.3151958,589788.726562,4446.21028752,A06037190301,190301,,13,US,514,"BlockApportionment:US.BlockGroups;PointsLayer:US.BlockPoints",2.191,2.576,1,21
515,06,037,101210,06037101210,1012.10,Census Tract 1012.10,G5020,S,650690,0,+34.2529724,-118.2907309,954767.566406,4453.10172537,A06037101210,101210,,14,US,515,"BlockApportionment:US.BlockGroups;PointsLayer:US.BlockPoints",2.191,2.576,1,36
516,06,037,186201,06037186201,1862.01,Census Tract 1862.01,G5020,S,522021,0,+34.1213123,-118.2188456,763604.214844,4462.58994702,A06037186201,186201,,15,US,516,"BlockApportionment:US.BlockGroups;PointsLayer:US.BlockPoints",2.191,2.576,1,40
517,06,037,141201,06037141201,1412.01,Census Tract 1412.01,G5020,S,693120,7927,+34.1519021,-118.4426826,1026239.35938,4466.15058346,A06037141201,141201,,16,US,517,"BlockApportionment:US.BlockGroups;PointsLayer:US.BlockPoints",2.191,2.576,1,49
518,06,037,226700,06037226700,2267,Census Tract 2267,G5020,S,782727,0,+34.0173502,-118.2621294,1142177.58984,4473.16653322,A06037226700,226700,,17,US,518,"BlockApportionment:US.BlockGroups;PointsLayer:US.BlockPoints",2.191,2.576,1,49
519,06,037,185310,06037185310,1853.10,Census Tract 1853.10,G5020,S,421083,0,+34.0922029,-118.2226256,615533.925781,4482.8898395,A06037185310,185310,,18,US,519,"BlockApportionment:US.BlockGroups;PointsLayer:US.BlockPoints",2.191,2.576,1,55
520,06,037,234300,06037234300,2343,Census Tract 2343,G5020,S,870289,0,+34.0073786,-118.3290220,1269662.25781,4484.25927195,A06037234300,234300,,19,US,520,"BlockApportionment:US.BlockGroups;PointsLayer:US.BlockPoints",2.191,2.576,1,42
521,06,037,218400,06037218400,2184,Census Tract 2184,G5020,S,656666,0,+34.0369278,-118.3592342,958666.179688,4484.41970695,A06037218400,218400,,20,US,521,"BlockApportionment:US.BlockGroups;PointsLayer:US.BlockPoints",2.191,2.576,1,43
522,06,037,204810,06037204810,2048.10,Census Tract 2048.10,G5020,S,769704,0,+34.0285547,-118.2030024,1123473.32031,4484.78890495,A06037204810,204810,,21,US,522,"BlockApportionment:US.BlockGroups;PointsLayer:US.BlockPoints",2.191,2.576,1,41
523,06,037,134001,06037134001,1340.01,Census Tract 1340.01,G5020,S,581332,2186,+34.2029146,-118.5917267,855176.667969,4485.7754598,A06037134001,134001,,22,US,523,"BlockApportionment:US.BlockGroups;PointsLayer:US.BlockPoints",2.191,2.576,1,50
524,06,037,207301,06037207301,2073.01,Census Tract 2073.01,G5020,S,430105,0,+34.0465368,-118.2516175,628054.207031,4491.29877148,A06037207301,207301,,23,US,524,"BlockApportionment:US.BlockGroups;PointsLayer:US.BlockPoints",2.191,2.576,1,46
525,06,037,296600,06037296600,2966,Census Tract 2966,G5020,S,841947,0,+33.7397829,-118.2923625,1220702.40234,4504.14753017,A06037296600,296600,,24,US,525,"BlockApportionment:US.BlockGroups;PointsLayer:US.BlockPoints",2.191,2.576,1,40
526,06,037,275102,06037275102,2751.02,Census Tract 2751.02,G5020,S,610131,13718,+33.9979789,-118.4112469,909930.011719,4496.89381253,A06037275102,275102,,25,US,526,"BlockApportionment:US.BlockGroups;PointsLayer:US.BlockPoints",2.191,2.576,1,35
527,06,037,204600,06037204600,2046,Census Tract 2046,G5020,S,564176,18298,+34.0366414,-118.2158297,850357.125,4512.34356354,A06037204600,204600,,26,US,527,"BlockApportionment:US.BlockGroups;PointsLayer:US.BlockPoints",2.191,2.576,1,41
528,06,037,297602,06037297602,2976.02,Census Tract 2976.02,G5020,S,622070,0,+33.7159024,-118.2903209,901419.832031,4520.89723932,A06037297602,297602,,27,US,528,"BlockApportionment:US.BlockGroups;PointsLayer:US.BlockPoints",2.191,2.576,1,59
529,06,037,123510,06037123510,1235.10,Census Tract 1235.10,G5020,S,788312,10153,+34.1953384,-118.4290714,1170006.33203,4530.14388895,A06037123510,123510,,28,US,529,"BlockApportionment:US.BlockGroups;PointsLayer:US.BlockPoints",2.191,2.576,1,41
530,06,037,291220,06037291220,2912.20,Census Tract 2912.20,G5020,S,818696,0,+33.8771395,-118.2867090,1190771.42969,4531.32689416,A06037291220,291220,,29,US,530,"BlockApportionment:US.BlockGroups;PointsLayer:US.BlockPoints",2.191,2.576,1,52
531,06,037,127102,06037127102,1271.02,Census Tract 1271.02,G5020,S,859268,0,+34.2060072,-118.4445251,1259425.82422,4540.47559626,A06037127102,127102,,30,US,531,"BlockApportionment:US.BlockGroups;PointsLayer:US.BlockPoints",2.191,2.576,1,57
532,06,037,122420,06037122420,1224.20,Census Tract 1224.20,G5020,S,862717,0,+34.2036100,-118.3832842,1264416.17578,4572.55394692,A06037122420,122420,,31,US,532,"BlockApportionment:US.BlockGroups;PointsLayer:US.BlockPoints",2.191,2.576,1,39
533,06,037,203900,06037203900,2039,Census Tract 2039,G5020,S,448858,0,+34.0333781,-118.1944844,655240.832031,4607.80923965,A06037203900,203900,,32,US,533,"BlockApportionment:US.BlockGroups;PointsLayer:US.BlockPoints",2.191,2.576,1,55
534,06,037,128302,06037128302,1283.02,Census Tract 1283.02,G5020,S,688871,0,+34.1838638,-118.4605367,1009157.17188,4585.62843985,A06037128302,128302,,33,US,534,"BlockApportionment:US.BlockGroups;PointsLayer:US.BlockPoints",2.191,2.576,1,32
535,06,037,104401,06037104401,1044.01,Census Tract 1044.01,G5020,S,681117,0,+34.2670388,-118.4327217,999745.457031,4589.25147903,A06037104401,104401,,34,US,535,"BlockApportionment:US.BlockGroups;PointsLayer:US.BlockPoints",2.191,2.576,1,83
536,06,037,294410,06037294410,2944.10,Census Tract 2944.10,G5020,S,833786,0,+33.7941280,-118.2898931,1210393.41797,4623.42818905,A06037294410,294410,,35,US,536,"BlockApportionment:US.BlockGroups;PointsLayer:US.BlockPoints",2.191,2.576,1,48
537,06,037,192300,06037192300,1923,Census Tract 1923,G5020,S,879494,0,+34.0797430,-118.3284923,1285258.64844,4605.30559867,A06037192300,192300,,36,US,537,"BlockApportionment:US.BlockGroups;PointsLayer:US.BlockPoints",2.191,2.576,1,46
538,06,037,190700,06037190700,1907,Census Tract 1907,G5020,S,642514,0,+34.0986627,-118.3336721,939361.636719,4606.19737628,A06037190700,190700,,37,US,538,"BlockApportionment:US.BlockGroups;PointsLayer:US.BlockPoints",2.191,2.576,1,24
539,06,037,123520,06037123520,1235.20,Census Tract 1235.20,G5020,S,502129,8705,+34.1884912,-118.4236080,748422.9375,4606.28787192,A06037123520,123520,,38,US,539,"BlockApportionment:US.BlockGroups;PointsLayer:US.BlockPoints",2.191,2.576,1,46
540,06,037,183701,06037183701,1837.01,Census Tract 1837.01,G5020,S,550875,0,+34.1093057,-118.1878599,805591.417969,4619.61302489,A06037183701,183701,,39,US,540,"BlockApportionment:US.BlockGroups;PointsLayer:US.BlockPoints",2.191,2.576,1,43
541,06,037,271600,06037271600,2716,Census Tract 2716,G5020,S,901110,4341,+34.0210549,-118.4304607,1321383.65234,4629.3020244,A06037271600,271600,,40,US,541,"BlockApportionment:US.BlockGroups;PointsLayer:US.BlockPoints",2.191,2.576,1,41
542,06,037,124300,06037124300,1243,Census Tract 1243,G5020,S,891002,0,+34.1757378,-118.3642963,1305009.19141,4631.8697159,A06037124300,124300,,41,US,542,"BlockApportionment:US.BlockGroups;PointsLayer:US.BlockPoints",2.191,2.576,1,41
543,06,037,535400,06037535400,5354,Census Tract 5354,G5020,S,771064,0,+33.9537540,-118.2348542,1123493.89844,5886.97436714,A06037535400,535400,,42,US,543,"BlockApportionment:US.BlockGroups;PointsLayer:US.BlockPoints",2.191,2.576,0,0
544,06,037,115302,06037115302,1153.02,Census Tract 1153.02,G5020,S,832983,4830,+34.2259651,-118.5503049,1228562.52734,4640.0275539,A06037115302,115302,,43,US,544,"BlockApportionment:US.BlockGroups;PointsLayer:US.BlockPoints",2.191,2.576,1,39
545,06,037,189800,06037189800,1898,Census Tract 1898,G5020,S,729738,0,+34.0982924,-118.3590366,1066876.46484,4672.72990062,A06037189800,189800,,44,US,545,"BlockApportionment:US.BlockGroups;PointsLayer:US.BlockPoints",2.191,2.576,1,28
546,06,037,294620,06037294620,2946.20,Census Tract 2946.20,G5020,S,841598,0,+33.7874696,-118.2479267,1221541.82422,4656.65181115,A06037294620,294620,,45,US,546,"BlockApportionment:US.BlockGroups;PointsLayer:US.BlockPoints",2.191,2.576,1,51
547,06,037,141202,06037141202,1412.02,Census Tract 1412.02,G5020,S,700175,0,+34.1471798,-118.4423602,1024825.63281,4665.74815577,A06037141202,141202,,46,US,547,"BlockApportionment:US.BlockGroups;PointsLayer:US.BlockPoints",2.191,2.576,1,26
548,06,037,188300,06037188300,1883,Census Tract 1883,G5020,S,905660,17207,+34.1207814,-118.2647639,1349939.47656,4679.91025216,A06037188300,188300,,47,US,548,"BlockApportionment:US.BlockGroups;PointsLayer:US.BlockPoints",2.191,2.576,1,59
549,06,037,101220,06037101220,1012.20,Census Tract 1012.20,G5020,S,698886,0,+34.2516083,-118.2816328,1025452.11719,4688.60706504,A06037101220,101220,,48,US,549,"BlockApportionment:US.BlockGroups;PointsLayer:US.BlockPoints",2.191,2.576,1,38
550,06,037,234501,06037234501,2345.01,Census Tract 2345.01,G5020,S,751799,0,+33.9974948,-118.3244351,1096539.41016,4689.2514274,A06037234501,234501,,49,US,550,"BlockApportionment:US.BlockGroups;PointsLayer:US.BlockPoints",2.191,2.576,1,49
551,06,037,271902,06037271902,2719.02,Census Tract 2719.02,G5020,S,924201,0,+34.0096289,-118.4316771,1348382.5,4694.01020564,A06037271902,271902,,0,US,551,"BlockApportionment:US.BlockGroups;PointsLayer:US.BlockPoints",2.191,2.576,1,32
552,06,037,139401,06037139401,1394.01,Census Tract 1394.01,G5020,S,907259,0,+34.1696955,-118.5375830,1328630.45312,4694.12680132,A06037139401,139401,,1,US,552,"BlockApportionment:US.BlockGroups;PointsLayer:US.BlockPoints",2.191,2.576,1,37
553,06,037,218110,06037218110,2181.10,Census Tract 2181.10,G5020,S,598601,0,+34.0443254,-118.3275531,874049.871094,4697.30734271,A06037218110,218110,,2,US,553,"BlockApportionment:US.BlockGroups;PointsLayer:US.BlockPoints",2.191,2.576,1,26
554,06,037,220000,06037220000,2200,Census Tract 2200,G5020,S,971788,0,+34.0278406,-118.3401928,1418416.49609,4705.56700554,A06037220000,220000,,3,US,554,"BlockApportionment:US.BlockGroups;PointsLayer:US.BlockPoints",2.191,2.576,1,39
555,06,037,123203,06037123203,1232.03,Census Tract 1232.03,G5020,S,583709,3900,+34.1967006,-118.3916113,861056.039062,4708.68306745,A06037123203,123203,,4,US,555,"BlockApportionment:US.BlockGroups;PointsLayer:US.BlockPoints",2.191,2.576,1,37
556,06,037,231500,06037231500,2315,Census Tract 2315,G5020,S,919207,0,+34.0072777,-118.3108266,1341017.53906,4709.73193946,A06037231500,231500,,5,US,556,"BlockApportionment:US.BlockGroups;PointsLayer:US.BlockPoints",2.191,2.576,1,50
557,06,037,192002,06037192002,1920.02,Census Tract 1920.02,G5020,S,858326,0,+34.0835415,-118.3553201,1254436.05859,4719.92003456,A06037192002,192002,,6,US,557,"BlockApportionment:US.BlockGroups;PointsLayer:US.BlockPoints",2.191,2.576,1,49
558,06,037,240020,06037240020,2400.20,Census Tract 2400.20,G5020,S,719414,403,+33.9542460,-118.2640479,1048836.52734,4722.74644167,A06037240020,240020,,7,US,558,"BlockApportionment:US.BlockGroups;PointsLayer:US.BlockPoints",2.191,2.576,1,55
559,06,037,221402,06037221402,2214.02,Census Tract 2214.02,G5020,S,532313,0,+34.0384431,-118.3090474,777154.886719,4726.88404428,A06037221402,221402,,8,US,559,"BlockApportionment:US.BlockGroups;PointsLayer:US.BlockPoints",2.191,2.576,1,20
560,06,037,294200,06037294200,2942,Census Tract 2942,G5020,S,953769,0,+33.7948377,-118.2693892,1384592.88672,4735.24011187,A06037294200,294200,,9,US,560,"BlockApportionment:US.BlockGroups;PointsLayer:US.BlockPoints",2.191,2.576,1,77
561,06,037,207900,06037207900,2079,Census Tract 2079,G5020,S,903059,0,+34.0405275,-118.2601677,1318488.20312,4728.45957611,A06037207900,207900,,10,US,561,"BlockApportionment:US.BlockGroups;PointsLayer:US.BlockPoints",2.191,2.576,1,64
562,06,037,183221,06037183221,1832.21,Census Tract 1832.21,G5020,S,706761,0,+34.1254321,-118.1909386,1033940.25,4729.55087556,A06037183221,183221,,11,US,562,"BlockApportionment:US.BlockGroups;PointsLayer:US.BlockPoints",2.191,2.576,1,52
563,06,037,267902,06037267902,2679.02,Census Tract 2679.02,G5020,S,778072,0,+34.0475522,-118.4201983,1136183.99219,4736.91647997,A06037267902,267902,,12,US,563,"BlockApportionment:US.BlockGroups;PointsLayer:US.BlockPoints",2.191,2.576,1,59
564,06,037,217100,06037217100,2171,Census Tract 2171,G5020,S,897833,0,+34.0489658,-118.3545296,1311117.26562,4754.95389569,A06037217100,217100,,13,US,564,"BlockApportionment:US.BlockGroups;PointsLayer:US.BlockPoints",2.191,2.576,1,36
565,06,037,187101,06037187101,1871.01,Census Tract 1871.01,G5020,S,760497,27646,+34.1160806,-118.2602407,1152725.15234,4760.49239438,A06037187101,187101,,14,US,565,"BlockApportionment:US.BlockGroups;PointsLayer:US.BlockPoints",2.191,2.576,1,50
566,06,037,119201,06037119201,1192.01,Census Tract 1192.01,G5020,S,947368,4796,+34.2462338,-118.4406390,1396917.23438,4781.39052324,A06037119201,119201,,15,US,566,"BlockApportionment:US.BlockGroups;PointsLayer:US.BlockPoints",2.191,2.576,1,84
567,06,037,241002,06037241002,2410.02,Census Tract 2410.02,G5020,S,707356,0,+33.9252619,-118.2614024,1029989.84766,4782.22240434,A06037241002,241002,,16,US,567,"BlockApportionment:US.BlockGroups;PointsLayer:US.BlockPoints",2.191,2.576,1,72
568,06,037,107010,06037107010,1070.10,Census Tract 1070.10,G5020,S,684671,0,+34.3020803,-118.4467204,1005791.81641,4792.95965712,A06037107010,107010,,17,US,568,"BlockApportionment:US.BlockGroups;PointsLayer:US.BlockPoints",2.191,2.576,1,61
569,06,037,189500,06037189500,1895,Census Tract 1895,G5020,S,592248,0,+34.1084103,-118.3212812,866071.433594,4797.14198558,A06037189500,189500,,18,US,569,"BlockApportionment:US.BlockGroups;PointsLayer:US.BlockPoints",2.191,2.576,1,26
570,06,037,115404,06037115404,1154.04,Census Tract 1154.04,G5020,S,946597,6707,+34.2255624,-118.5416703,1397885.71094,4803.56426374,A06037115404,115404,,19,US,570,"BlockApportionment:US.BlockGroups;PointsLayer:US.BlockPoints",2.191,2.576,1,59
571,06,037,275400,06037275400,2754,Census Tract 2754,G5020,S,750989,0,+33.9906137,-118.4391729,1095181.91016,4811.79087905,A06037275400,275400,,20,US,571,"BlockApportionment:US.BlockGroups;PointsLayer:US.BlockPoints",2.191,2.576,1,77
572,06,037,123303,06037123303,1233.03,Census Tract 1233.03,G5020,S,633404,0,+34.1972751,-118.4116037,928188.796875,4814.27310267,A06037123303,123303,,21,US,572,"BlockApportionment:US.BlockGroups;PointsLayer:US.BlockPoints",2.191,2.576,1,49
573,06,037,135113,06037135113,1351.13,Census Tract 1351.13,G5020,S,643588,0,+34.1810128,-118.6059584,942750.527344,4819.15158133,A06037135113,135113,,22,US,573,"BlockApportionment:US.BlockGroups;PointsLayer:US.BlockPoints",2.191,2.576,1,74
574,06,037,211500,06037211500,2115,Census Tract 2115,G5020,S,909037,0,+34.0724565,-118.3152596,1328207.48047,4826.36984603,A06037211500,211500,,23,US,574,"BlockApportionment:US.BlockGroups;PointsLayer:US.BlockPoints",2.191,2.576,1,20
575,06,037,237800,06037237800,2378,Census Tract 2378,G5020,S,972785,0,+33.9709601,-118.2981214,1417985.41797,4834.48785037,A06037237800,237800,,24,US,575,"BlockApportionment:US.BlockGroups;PointsLayer:US.BlockPoints",2.191,2.576,1,45
576,06,037,123700,06037123700,1237,Census Tract 1237,G5020,S,952358,0,+34.1848596,-118.4095169,1395176.57422,4836.78871402,A06037123700,123700,,25,US,576,"BlockApportionment:US.BlockGroups;PointsLayer:US.BlockPoints",2.191,2.576,1,59
577,06,037,125320,06037125320,1253.20,Census Tract 1253.20,G5020,S,632483,0,+34.1666766,-118.3701945,926165.289062,4840.40251274,A06037125320,125320,,26,US,577,"BlockApportionment:US.BlockGroups;PointsLayer:US.BlockPoints",2.191,2.576,1,72
578,06,037,121020,06037121020,1210.20,Census Tract 1210.20,G5020,S,824528,0,+34.2121224,-118.4020620,1208685.89453,4845.8010454,A06037121020,121020,,27,US,578,"BlockApportionment:US.BlockGroups;PointsLayer:US.BlockPoints",2.191,2.576,1,48
579,06,037,206300,06037206300,2063,Census Tract 2063,G5020,S,616656,0,+34.0411108,-118.2432134,900344.71875,4850.99077673,A06037206300,206300,,28,US,579,"BlockApportionment:US.BlockGroups;PointsLayer:US.BlockPoints",2.191,2.576,1,0
580,06,037,134520,06037134520,1345.20,Census Tract 1345.20,G5020,S,950602,16628,+34.1982940,-118.5996400,1417378.30469,4854.53328949,A06037134520,134520,,29,US,580,"BlockApportionment:US.BlockGroups;PointsLayer:US.BlockPoints",2.191,2.576,1,60
581,06,037,132001,06037132001,1320.01,Census Tract 1320.01,G5020,S,968646,0,+34.1920691,-118.5141950,1419282.96484,4863.96934436,A06037132001,132001,,30,US,581,"BlockApportionment:US.BlockGroups;PointsLayer:US.BlockPoints",2.191,2.576,1,70
582,06,037,191710,06037191710,1917.10,Census Tract 1917.10,G5020,S,705302,3325,+34.0854739,-118.3192295,1035723.82422,4865.24242431,A06037191710,191710,,31,US,582,"BlockApportionment:US.BlockGroups;PointsLayer:US.BlockPoints",2.191,2.576,1,20
583,06,037,127805,06037127805,1278.05,Census Tract 1278.05,G5020,S,614498,0,+34.1921963,-118.4576889,900370.917969,4865.3549305,A06037127805,127805,,32,US,583,"BlockApportionment:US.BlockGroups;PointsLayer:US.BlockPoints",2.191,2.576,1,43
584,06,037,124400,06037124400,1244,Census Tract 1244,G5020,S,961439,14163,+34.1739658,-118.4114177,1428860.90234,4869.71461503,A06037124400,124400,,33,US,584,"BlockApportionment:US.BlockGroups;PointsLayer:US.BlockPoints",2.191,2.576,1,53
585,06,037,128802,06037128802,1288.02,Census Tract 1288.02,G5020,S,971146,0,+34.1684788,-118.4552597,1422152.57031,4875.48852541,A06037128802,128802,,34,US,585,"BlockApportionment:US.BlockGroups;PointsLayer:US.BlockPoints",2.191,2.576,1,61
586,06,037,124201,06037124201,1242.01,Census Tract 1242.01,G5020,S,972593,0,+34.1848664,-118.3746763,1424817.39062,4875.67607011,A06037124201,124201,,35,US,586,"BlockApportionment:US.BlockGroups;PointsLayer:US.BlockPoints",2.191,2.576,1,49
587,06,037,238100,06037238100,2381,Census Tract 2381,G5020,S,983749,0,+33.9636280,-118.3111989,1433717.57031,4880.56343966,A06037238100,238100,,36,US,587,"BlockApportionment:US.BlockGroups;PointsLayer:US.BlockPoints",2.191,2.576,1,46
588,06,037,237900,06037237900,2379,Census Tract 2379,G5020,S,979778,0,+33.9709293,-118.3111925,1428178.03125,4879.06409281,A06037237900,237900,,37,US,588,"BlockApportionment:US.BlockGroups;PointsLayer:US.BlockPoints",2.191,2.576,1,53
589,06,037,128500,06037128500,1285,Census Tract 1285,G5020,S,973791,0,+34.1703043,-118.4443439,1426087.55469,4880.3334274,A06037128500,128500,,38,US,589,"BlockApportionment:US.BlockGroups;PointsLayer:US.BlockPoints",2.191,2.576,1,46
590,06,037,104103,06037104103,1041.03,Census Tract 1041.03,G5020,S,949109,0,+34.2820993,-118.3925764,1393597.67578,4886.68459106,A06037104103,104103,,39,US,590,"BlockApportionment:US.BlockGroups;PointsLayer:US.BlockPoints",2.191,2.576,1,87
591,06,037,219902,06037219902,2199.02,Census Tract 2199.02,G5020,S,798150,2669,+34.0296515,-118.3698125,1168923.91016,4894.87237761,A06037219902,219902,,40,US,591,"BlockApportionment:US.BlockGroups;PointsLayer:US.BlockPoints",2.191,2.576,1,51
592,06,037,134720,06037134720,1347.20,Census Tract 1347.20,G5020,S,989535,0,+34.2046449,-118.5688121,1450310.03125,4906.24213888,A06037134720,134720,,41,US,592,"BlockApportionment:US.BlockGroups;PointsLayer:US.BlockPoints",2.191,2.576,1,57
593,06,037,183220,06037183220,1832.20,Census Tract 1832.20,G5020,S,535234,0,+34.1199723,-118.1892861,782907.875,4907.77036697,A06037183220,183220,,42,US,593,"BlockApportionment:US.BlockGroups;PointsLayer:US.BlockPoints",2.191,2.576,1,52
594,06,037,271702,06037271702,2717.02,Census Tract 2717.02,G5020,S,697727,8791,+34.0251282,-118.4259054,1031168.72656,4908.23149232,A06037271702,271702,,43,US,594,"BlockApportionment:US.BlockGroups;PointsLayer:US.BlockPoints",2.191,2.576,1,38
595,06,037,204700,06037204700,2047,Census Tract 2047,G5020,S,1011065,0,+34.0309821,-118.2124515,1475845.42969,4912.48645874,A06037204700,204700,,44,US,595,"BlockApportionment:US.BlockGroups;PointsLayer:US.BlockPoints",2.191,2.576,1,55
596,06,037,270100,06037270100,2701,Census Tract 2701,G5020,S,571964,0,+34.0273406,-118.3959623,834822.179688,4919.36699369,A06037270100,270100,,45,US,596,"BlockApportionment:US.BlockGroups;PointsLayer:US.BlockPoints",2.191,2.576,1,70
597,06,037,214000,06037214000,2140,Census Tract 2140,G5020,S,1011538,0,+34.0748535,-118.3485020,1478049.94141,4921.83838374,A06037214000,214000,,46,US,597,"BlockApportionment:US.BlockGroups;PointsLayer:US.BlockPoints",2.191,2.576,1,42
598,06,037,122120,06037122120,1221.20,Census Tract 1221.20,G5020,S,719824,0,+34.2107757,-118.3719094,1055163.67578,4927.90867898,A06037122120,122120,,47,US,598,"BlockApportionment:US.BlockGroups;PointsLayer:US.BlockPoints",2.191,2.576,1,53
599,06,037,237300,06037237300,2373,Census Tract 2373,G5020,S,997691,0,+33.9782832,-118.3110714,1454537.85938,4951.38350008,A06037237300,237300,,48,US,599,"BlockApportionment:US.BlockGroups;PointsLayer:US.BlockPoints",2.191,2.576,1,45
600,06,037,123103,06037123103,1231.03,Census Tract 1231.03,G5020,S,900961,1374,+34.1921320,-118.3654030,1322074.63672,4952.6213057,A06037123103,123103,,49,US,600,"BlockApportionment:US.BlockGroups;PointsLayer:US.BlockPoints",2.191,2.576,1,45
601,06,037,109603,06037109603,1096.03,Census Tract 1096.03,G5020,S,998887,0,+34.2536518,-118.4654157,1465709.54688,4954.25348778,A06037109603,109603,,0,US,601,"BlockApportionment:US.BlockGroups;PointsLayer:US.BlockPoints",2.191,2.576,1,55
602,06,037,123304,06037123304,1233.04,Census Tract 1233.04,G5020,S,879083,0,+34.1965389,-118.4060882,1288182.40234,4957.76954453,A06037123304,123304,,1,US,602,"BlockApportionment:US.BlockGroups;PointsLayer:US.BlockPoints",2.191,2.576,1,35
603,06,037,212702,06037212702,2127.02,Census Tract 2127.02,G5020,S,880619,0,+34.0585147,-118.3261907,1286264.94922,4962.09480627,A06037212702,212702,,2,US,603,"BlockApportionment:US.BlockGroups;PointsLayer:US.BlockPoints",2.191,2.576,1,32
604,06,037,135111,06037135111,1351.11,Census Tract 1351.11,G5020,S,1026009,13694,+34.1924609,-118.6102388,1523399.12891,4965.28167627,A06037135111,135111,,3,US,604,"BlockApportionment:US.BlockGroups;PointsLayer:US.BlockPoints",2.191,2.576,1,84
605,06,037,127806,06037127806,1278.06,Census Tract 1278.06,G5020,S,683182,0,+34.1885731,-118.4572359,1000926.19922,4968.58076511,A06037127806,127806,,4,US,605,"BlockApportionment:US.BlockGroups;PointsLayer:US.BlockPoints",2.191,2.576,1,34
606,06,037,143603,06037143603,1436.03,Census Tract 1436.03,G5020,S,491490,33975,+34.1442858,-118.3727317,769062.722656,4970.53982665,A06037143603,143603,,5,US,606,"BlockApportionment:US.BlockGroups;PointsLayer:US.BlockPoints",2.191,2.576,1,45
607,06,037,127711,06037127711,1277.11,Census Tract 1277.11,G5020,S,947643,0,+34.1879662,-118.4698306,1388367.71484,5000.712918,A06037127711,127711,,6,US,607,"BlockApportionment:US.BlockGroups;PointsLayer:US.BlockPoints",2.191,2.576,1,48
608,06,037,222700,06037222700,2227,Census Tract 2227,G5020,S,817401,0,+34.0209197,-118.2856809,1192879.63672,5003.2427803,A06037222700,222700,,7,US,608,"BlockApportionment:US.BlockGroups;PointsLayer:US.BlockPoints",2.191,2.576,1,0
609,06,037,294900,06037294900,2949,Census Tract 2949,G5020,S,644545,0,+33.7748702,-118.2774453,935257.246094,5004.03276309,A06037294900,294900,,8,US,609,"BlockApportionment:US.BlockGroups;PointsLayer:US.BlockPoints",2.191,2.576,1,48
610,06,037,111100,06037111100,1111,Census Tract 1111,G5020,S,1059245,0,+34.2683099,-118.4950694,1554810.83594,5005.30555507,A06037111100,111100,,9,US,610,"BlockApportionment:US.BlockGroups;PointsLayer:US.BlockPoints",2.191,2.576,1,80
611,06,037,134304,06037134304,1343.04,Census Tract 1343.04,G5020,S,1020444,0,+34.2139330,-118.6102868,1495938.25781,5011.35314551,A06037134304,134304,,10,US,611,"BlockApportionment:US.BlockGroups;PointsLayer:US.BlockPoints",2.191,2.576,1,65
612,06,037,134002,06037134002,1340.02,Census Tract 1340.02,G5020,S,740801,12734,+34.2026924,-118.5855271,1104341.23828,5032.55697285,A06037134002,134002,,11,US,612,"BlockApportionment:US.BlockGroups;PointsLayer:US.BlockPoints",2.191,2.576,1,61
613,06,037,123010,06037123010,1230.10,Census Tract 1230.10,G5020,S,1015849,0,+34.2027436,-118.3745717,1488814.01562,5034.67574779,A06037123010,123010,,12,US,613,"BlockApportionment:US.BlockGroups;PointsLayer:US.BlockPoints",2.191,2.576,1,41
614,06,037,206032,06037206032,2060.32,Census Tract 2060.32,G5020,S,959087,24034,+34.0464409,-118.2247054,1435599.125,5036.51280471,A06037206032,206032,,13,US,614,"BlockApportionment:US.BlockGroups;PointsLayer:US.BlockPoints",2.191,2.576,1,37
615,06,037,106648,06037106648,1066.48,Census Tract 1066.48,G5020,S,792928,0,+34.2930983,-118.4558345,1164574.07812,5043.83901984,A06037106648,106648,,14,US,615,"BlockApportionment:US.BlockGroups;PointsLayer:US.BlockPoints",2.191,2.576,1,57
616,06,037,113321,06037113321,1133.21,Census Tract 1133.21,G5020,S,1048366,17,+34.2533539,-118.5918392,1538332.38281,5043.26620446,A06037113321,113321,,15,US,616,"BlockApportionment:US.BlockGroups;PointsLayer:US.BlockPoints",2.191,2.576,1,84
617,06,037,117201,06037117201,1172.01,Census Tract 1172.01,G5020,S,791653,0,+34.2426809,-118.4700957,1161325.39062,5058.28962988,A06037117201,117201,,16,US,617,"BlockApportionment:US.BlockGroups;PointsLayer:US.BlockPoints",2.191,2.576,1,42
618,06,037,117102,06037117102,1171.02,Census Tract 1171.02,G5020,S,1032683,6067,+34.2481946,-118.4598237,1523943.12109,5065.19833871,A06037117102,117102,,17,US,618,"BlockApportionment:US.BlockGroups;PointsLayer:US.BlockPoints",2.191,2.576,1,58
619,06,037,273902,06037273902,2739.02,Census Tract 2739.02,G5020,S,904448,286125,+33.9832035,-118.4661393,1735943.68359,6031.03268815,A06037273902,273902,,18,US,619,"BlockApportionment:US.BlockGroups;PointsLayer:US.BlockPoints",2.191,2.576,1,39
620,06,037,143604,06037143604,1436.04,Census Tract 1436.04,G5020,S,534143,27731,+34.1415453,-118.3675726,822292.246094,5082.93408275,A06037143604,143604,,19,US,620,"BlockApportionment:US.BlockGroups;PointsLayer:US.BlockPoints",2.191,2.576,1,49
621,06,037,195201,06037195201,1952.01,Census Tract 1952.01,G5020,S,600824,0,+34.1087422,-118.2785167,878617.941406,5084.08023784,A06037195201,195201,,20,US,621,"BlockApportionment:US.BlockGroups;PointsLayer:US.BlockPoints",2.191,2.576,1,41
622,06,037,104822,06037104822,1048.22,Census Tract 1048.22,G5020,S,604352,0,+34.2458703,-118.4209447,886628.648438,5084.59904668,A06037104822,104822,,21,US,622,"BlockApportionment:US.BlockGroups;PointsLayer:US.BlockPoints",2.191,2.576,1,60
623,06,037,296500,06037296500,2965,Census Tract 2965,G5020,S,902420,6249,+33.7480876,-118.2927139,1317703.13281,5094.48527686,A06037296500,296500,,22,US,623,"BlockApportionment:US.BlockGroups;PointsLayer:US.BlockPoints",2.191,2.576,1,34
624,06,037,201120,06037201120,2011.20,Census Tract 2011.20,G5020,S,792168,0,+34.0949800,-118.1636459,1158052.76953,5126.2446801,A06037201120,201120,,23,US,624,"BlockApportionment:US.BlockGroups;PointsLayer:US.BlockPoints",2.191,2.576,1,47
625,06,037,128601,06037128601,1286.01,Census Tract 1286.01,G5020,S,681877,0,+34.1784585,-118.4410822,998768.207031,5099.71096961,A06037128601,128601,,24,US,625,"BlockApportionment:US.BlockGroups;PointsLayer:US.BlockPoints",2.191,2.576,1,33
626,06,037,199700,06037199700,1997,Census Tract 1997,G5020,S,937116,33464,+34.0678503,-118.2202429,1417969.60547,5109.23938049,A06037199700,199700,,25,US,626,"BlockApportionment:US.BlockGroups;PointsLayer:US.BlockPoints",2.191,2.576,1,33
627,06,037,238200,06037238200,2382,Census Tract 2382,G5020,S,1026629,0,+33.9634958,-118.2979777,1496208.58984,5107.92002463,A06037238200,238200,,26,US,627,"BlockApportionment:US.BlockGroups;PointsLayer:US.BlockPoints",2.191,2.576,1,53
628,06,037,224010,06037224010,2240.10,Census Tract 2240.10,G5020,S,830398,0,+34.0367636,-118.2658976,1212290.07031,5117.2410927,A06037224010,224010,,27,US,628,"BlockApportionment:US.BlockGroups;PointsLayer:US.BlockPoints",2.191,2.576,1,0
629,06,037,293201,06037293201,2932.01,Census Tract 2932.01,G5020,S,1066349,4455,+33.8308864,-118.3051300,1555793.51953,5145.80134399,A06037293201,293201,,28,US,629,"BlockApportionment:US.BlockGroups;PointsLayer:US.BlockPoints",2.191,2.576,1,58
630,06,037,197700,06037197700,1977,Census Tract 1977,G5020,S,701770,0,+34.0685435,-118.2457754,1025270.24219,5130.59993094,A06037197700,197700,,29,US,630,"BlockApportionment:US.BlockGroups;PointsLayer:US.BlockPoints",2.191,2.576,1,47
631,06,037,216200,06037216200,2162,Census Tract 2162,G5020,S,964419,0,+34.0571243,-118.3482415,1408616.14844,5145.15671784,A06037216200,216200,,30,US,631,"BlockApportionment:US.BlockGroups;PointsLayer:US.BlockPoints",2.191,2.576,1,41
632,06,037,119001,06037119001,1190.01,Census Tract 1190.01,G5020,S,1016689,56537,+34.2351095,-118.4203143,1573995.23438,5154.60604038,A06037119001,119001,,31,US,632,"BlockApportionment:US.BlockGroups;PointsLayer:US.BlockPoints",2.191,2.576,1,80
633,06,037,134101,06037134101,1341.01,Census Tract 1341.01,G5020,S,1065781,0,+34.2143034,-118.5666433,1562419.73828,5157.20943919,A06037134101,134101,,32,US,633,"BlockApportionment:US.BlockGroups;PointsLayer:US.BlockPoints",2.191,2.576,1,69
634,06,037,241202,06037241202,2412.02,Census Tract 2412.02,G5020,S,1163226,0,+33.9334312,-118.2857529,1694104.46875,5162.11478872,A06037241202,241202,,33,US,634,"BlockApportionment:US.BlockGroups;PointsLayer:US.BlockPoints",2.191,2.576,1,48
635,06,037,300902,06037300902,3009.02,Census Tract 3009.02,G5020,S,4391554,7548,+34.1545652,-118.2003124,6439915.53125,13606.8891806,A06037300902,300902,,34,US,635,"BlockApportionment:US.BlockGroups;PointsLayer:US.BlockPoints",2.191,2.576,0,0
636,06,037,124500,06037124500,1245,Census Tract 1245,G5020,S,807913,0,+34.1722741,-118.4267703,1183221.46875,5184.92249607,A06037124500,124500,,35,US,636,"BlockApportionment:US.BlockGroups;PointsLayer:US.BlockPoints",2.191,2.576,1,56
637,06,037,214100,06037214100,2141,Census Tract 2141,G5020,S,1108280,0,+34.0746639,-118.3392739,1619401.34766,5207.29036986,A06037214100,214100,,36,US,637,"BlockApportionment:US.BlockGroups;PointsLayer:US.BlockPoints",2.191,2.576,1,29
638,06,037,141304,06037141304,1413.04,Census Tract 1413.04,G5020,S,712236,0,+34.1510010,-118.4526294,1042572.46094,5215.89228563,A06037141304,141304,,37,US,638,"BlockApportionment:US.BlockGroups;PointsLayer:US.BlockPoints",2.191,2.576,1,40
639,06,037,296401,06037296401,2964.01,Census Tract 2964.01,G5020,S,986904,1098,+33.7411716,-118.3150067,1432524.96484,5223.27203899,A06037296401,296401,,38,US,639,"BlockApportionment:US.BlockGroups;PointsLayer:US.BlockPoints",2.191,2.576,1,66
640,06,037,133000,06037133000,1330,Census Tract 1330,G5020,S,997188,5043,+34.1960820,-118.5571125,1468597.98438,5227.33828687,A06037133000,133000,,39,US,640,"BlockApportionment:US.BlockGroups;PointsLayer:US.BlockPoints",2.191,2.576,1,66
641,06,037,119400,06037119400,1194,Census Tract 1194,G5020,S,1117289,4269,+34.2378874,-118.4353682,1645182.78516,5229.32413367,A06037119400,119400,,40,US,641,"BlockApportionment:US.BlockGroups;PointsLayer:US.BlockPoints",2.191,2.576,1,74
642,06,037,131100,06037131100,1311,Census Tract 1311,G5020,S,1101828,0,+34.2146244,-118.5056231,1615275.82812,5236.0375653,A06037131100,131100,,41,US,642,"BlockApportionment:US.BlockGroups;PointsLayer:US.BlockPoints",2.191,2.576,1,75
643,06,037,293301,06037293301,2933.01,Census Tract 2933.01,G5020,S,844979,0,+33.8111773,-118.3038284,1227123.83594,5251.88965176,A06037293301,293301,,42,US,643,"BlockApportionment:US.BlockGroups;PointsLayer:US.BlockPoints",2.191,2.576,1,72
644,06,037,123602,06037123602,1236.02,Census Tract 1236.02,G5020,S,927752,0,+34.1812199,-118.4263255,1359008.6875,5238.36107026,A06037123602,123602,,43,US,644,"BlockApportionment:US.BlockGroups;PointsLayer:US.BlockPoints",2.191,2.576,1,36
645,06,037,185320,06037185320,1853.20,Census Tract 1853.20,G5020,S,587863,2709,+34.0887194,-118.2242419,863213.679688,5239.53110601,A06037185320,185320,,44,US,645,"BlockApportionment:US.BlockGroups;PointsLayer:US.BlockPoints",2.191,2.576,1,36
646,06,037,113212,06037113212,1132.12,Census Tract 1132.12,G5020,S,998550,0,+34.2606831,-118.6024264,1465455.03516,5241.95795304,A06037113212,113212,,45,US,646,"BlockApportionment:US.BlockGroups;PointsLayer:US.BlockPoints",2.191,2.576,1,78
647,06,037,208000,06037208000,2080,Census Tract 2080,G5020,S,971170,0,+34.0625684,-118.2560631,1418660.21094,5247.21758164,A06037208000,208000,,46,US,647,"BlockApportionment:US.BlockGroups;PointsLayer:US.BlockPoints",2.191,2.576,1,45
648,06,037,199110,06037199110,1991.10,Census Tract 1991.10,G5020,S,901975,0,+34.0793607,-118.1974043,1318101.37109,5253.59974775,A06037199110,199110,,47,US,648,"BlockApportionment:US.BlockGroups;PointsLayer:US.BlockPoints",2.191,2.576,1,55
649,06,037,293202,06037293202,2932.02,Census Tract 2932.02,G5020,S,1052407,0,+33.8204089,-118.3037589,1528689.99219,5259.98937023,A06037293202,293202,,48,US,649,"BlockApportionment:US.BlockGroups;PointsLayer:US.BlockPoints",2.191,2.576,1,53
650,06,037,104810,06037104810,1048.10,Census Tract 1048.10,G5020,S,1123361,0,+34.2502996,-118.4111792,1648225.56641,5258.80539471,A06037104810,104810,,49,US,650,"BlockApportionment:US.BlockGroups;PointsLayer:US.BlockPoints",2.191,2.576,1,77
651,06,037,274100,06037274100,2741,Census Tract 2741,G5020,S,628045,0,+33.9875224,-118.4489221,915827.90625,5264.23149425,A06037274100,274100,,0,US,651,"BlockApportionment:US.BlockGroups;PointsLayer:US.BlockPoints",2.191,2.576,1,47
652,06,037,124600,06037124600,1246,Census Tract 1246,G5020,S,1120028,0,+34.1620692,-118.4269321,1639929.74219,5274.20198092,A06037124600,124600,,1,US,652,"BlockApportionment:US.BlockGroups;PointsLayer:US.BlockPoints",2.191,2.576,1,50
653,06,037,106403,06037106403,1064.03,Census Tract 1064.03,G5020,S,1105644,0,+34.3060186,-118.4412741,1624357.60938,5283.37592373,A06037106403,106403,,2,US,653,"BlockApportionment:US.BlockGroups;PointsLayer:US.BlockPoints",2.191,2.576,1,56
654,06,037,131400,06037131400,1314,Census Tract 1314,G5020,S,1107141,0,+34.2145917,-118.5316957,1623060.20703,5283.41226228,A06037131400,131400,,3,US,654,"BlockApportionment:US.BlockGroups;PointsLayer:US.BlockPoints",2.191,2.576,1,64
655,06,037,237202,06037237202,2372.02,Census Tract 2372.02,G5020,S,1108042,472,+33.9863341,-118.3100903,1616380.39844,5294.12817133,A06037237202,237202,,4,US,655,"BlockApportionment:US.BlockGroups;PointsLayer:US.BlockPoints",2.191,2.576,1,33
656,06,037,109604,06037109604,1096.04,Census Tract 1096.04,G5020,S,1174875,0,+34.2615445,-118.4653518,1724265.85547,5300.09551151,A06037109604,109604,,5,US,656,"BlockApportionment:US.BlockGroups;PointsLayer:US.BlockPoints",2.191,2.576,1,81
657,06,037,201501,06037201501,2015.01,Census Tract 2015.01,G5020,S,888744,0,+34.0865745,-118.1646554,1298991.33984,5318.53487908,A06037201501,201501,,6,US,657,"BlockApportionment:US.BlockGroups;PointsLayer:US.BlockPoints",2.191,2.576,1,53
658,06,037,181400,06037181400,1814,Census Tract 1814,G5020,S,879185,0,+34.1367194,-118.2088736,1286522.68359,5315.10479442,A06037181400,181400,,7,US,658,"BlockApportionment:US.BlockGroups;PointsLayer:US.BlockPoints",2.191,2.576,1,54
659,06,037,131300,06037131300,1313,Census Tract 1313,G5020,S,1118011,0,+34.2146599,-118.5229633,1638997.95312,5316.33908639,A06037131300,131300,,8,US,659,"BlockApportionment:US.BlockGroups;PointsLayer:US.BlockPoints",2.191,2.576,1,72
660,06,037,194402,06037194402,1944.02,Census Tract 1944.02,G5020,S,589168,0,+34.0850407,-118.3719012,861093.5,5343.8884834,A06037194402,194402,,9,US,660,"BlockApportionment:US.BlockGroups;PointsLayer:US.BlockPoints",2.191,2.576,1,51
661,06,037,131200,06037131200,1312,Census Tract 1312,G5020,S,1128421,0,+34.2147262,-118.5142310,1654264.10156,5347.69850362,A06037131200,131200,,10,US,661,"BlockApportionment:US.BlockGroups;PointsLayer:US.BlockPoints",2.191,2.576,1,73
662,06,037,195202,06037195202,1952.02,Census Tract 1952.02,G5020,S,877982,0,+34.1029474,-118.2785412,1283746.91016,5353.37837607,A06037195202,195202,,11,US,662,"BlockApportionment:US.BlockGroups;PointsLayer:US.BlockPoints",2.191,2.576,1,53
663,06,037,106405,06037106405,1064.05,Census Tract 1064.05,G5020,S,1171734,0,+34.3146862,-118.4482857,1721808.48047,5354.9625594,A06037106405,106405,,12,US,663,"BlockApportionment:US.BlockGroups;PointsLayer:US.BlockPoints",2.191,2.576,1,51
664,06,037,128602,06037128602,1286.02,Census Tract 1286.02,G5020,S,1134338,0,+34.1712144,-118.4356063,1661237.07031,5362.01580683,A06037128602,128602,,13,US,664,"BlockApportionment:US.BlockGroups;PointsLayer:US.BlockPoints",2.191,2.576,1,57
665,06,037,265410,06037265410,2654.10,Census Tract 2654.10,G5020,S,563022,0,+34.0669747,-118.4644155,822529.464844,5368.70912392,A06037265410,265410,,14,US,665,"BlockApportionment:US.BlockGroups;PointsLayer:US.BlockPoints",2.191,2.576,1,42
666,06,037,294302,06037294302,2943.02,Census Tract 2943.02,G5020,S,840310,0,+33.7848764,-118.2782902,1219598.51953,5376.52525389,A06037294302,294302,,15,US,666,"BlockApportionment:US.BlockGroups;PointsLayer:US.BlockPoints",2.191,2.576,1,66
667,06,037,131010,06037131010,1310.10,Census Tract 1310.10,G5020,S,1056713,9979,+34.2147349,-118.5382540,1563768.49219,5380.01005297,A06037131010,131010,,16,US,667,"BlockApportionment:US.BlockGroups;PointsLayer:US.BlockPoints",2.191,2.576,1,49
668,06,037,104320,06037104320,1043.20,Census Tract 1043.20,G5020,S,1212169,0,+34.2731324,-118.4202492,1779481.89453,5394.83675101,A06037104320,104320,,17,US,668,"BlockApportionment:US.BlockGroups;PointsLayer:US.BlockPoints",2.191,2.576,1,62
669,06,037,119900,06037119900,1199,Census Tract 1199,G5020,S,1052206,0,+34.2278369,-118.4412802,1543004.75781,5409.28296886,A06037119900,119900,,18,US,669,"BlockApportionment:US.BlockGroups;PointsLayer:US.BlockPoints",2.191,2.576,1,78
670,06,037,108101,06037108101,1081.01,Census Tract 1081.01,G5020,S,1128633,0,+34.2793058,-118.5416524,1657090.83203,5417.49536101,A06037108101,108101,,19,US,670,"BlockApportionment:US.BlockGroups;PointsLayer:US.BlockPoints",2.191,2.576,1,92
671,06,037,107020,06037107020,1070.20,Census Tract 1070.20,G5020,S,994806,0,+34.2975505,-118.4504794,1461227.15234,5418.8942355,A06037107020,107020,,20,US,671,"BlockApportionment:US.BlockGroups;PointsLayer:US.BlockPoints",2.191,2.576,1,82
672,06,037,111205,06037111205,1112.05,Census Tract 1112.05,G5020,S,1141319,17739,+34.2543903,-118.5351305,1700728.14062,5430.26048062,A06037111205,111205,,21,US,672,"BlockApportionment:US.BlockGroups;PointsLayer:US.BlockPoints",2.191,2.576,1,64
673,06,037,123420,06037123420,1234.20,Census Tract 1234.20,G5020,S,778597,8126,+34.1930330,-118.4146718,1152758.21875,5438.72479951,A06037123420,123420,,22,US,673,"BlockApportionment:US.BlockGroups;PointsLayer:US.BlockPoints",2.191,2.576,1,39
674,06,037,125600,06037125600,1256,Census Tract 1256,G5020,S,1022595,0,+34.1578942,-118.3568615,1497117.67188,5455.75134872,A06037125600,125600,,23,US,674,"BlockApportionment:US.BlockGroups;PointsLayer:US.BlockPoints",2.191,2.576,1,43
675,06,037,108104,06037108104,1081.04,Census Tract 1081.04,G5020,S,826020,0,+34.2943135,-118.5460083,1213212.08984,5450.28258387,A06037108104,108104,,24,US,675,"BlockApportionment:US.BlockGroups;PointsLayer:US.BlockPoints",2.191,2.576,1,95
676,06,037,214501,06037214501,2145.01,Census Tract 2145.01,G5020,S,752344,0,+34.0712362,-118.3578948,1099231.24609,5172.77329862,A06037214501,214501,,25,US,676,"BlockApportionment:US.BlockGroups;PointsLayer:US.BlockPoints",2.191,2.576,1,30
677,06,037,272100,06037272100,2721,Census Tract 2721,G5020,S,1199290,0,+34.0037101,-118.4422881,1749489.10938,5454.44713174,A06037272100,272100,,26,US,677,"BlockApportionment:US.BlockGroups;PointsLayer:US.BlockPoints",2.191,2.576,1,42
678,06,037,234700,06037234700,2347,Census Tract 2347,G5020,S,742058,0,+33.9872213,-118.3276852,1082075.23828,5453.11051671,A06037234700,234700,,27,US,678,"BlockApportionment:US.BlockGroups;PointsLayer:US.BlockPoints",2.191,2.576,1,42
679,06,037,197200,06037197200,1972,Census Tract 1972,G5020,S,744116,32985,+34.0907632,-118.2343586,1135911.69141,5466.58644886,A06037197200,197200,,28,US,679,"BlockApportionment:US.BlockGroups;PointsLayer:US.BlockPoints",2.191,2.576,1,48
680,06,037,104201,06037104201,1042.01,Census Tract 1042.01,G5020,S,1090103,0,+34.2865005,-118.4160998,1600788.33984,5470.88637578,A06037104201,104201,,29,US,680,"BlockApportionment:US.BlockGroups;PointsLayer:US.BlockPoints",2.191,2.576,1,63
681,06,037,121802,06037121802,1218.02,Census Tract 1218.02,G5020,S,950694,0,+34.2192141,-118.3913636,1393863.1875,5508.66658792,A06037121802,121802,,30,US,681,"BlockApportionment:US.BlockGroups;PointsLayer:US.BlockPoints",2.191,2.576,1,62
682,06,037,119800,06037119800,1198,Census Tract 1198,G5020,S,1236126,5942,+34.2329132,-118.4291943,1821688.37109,5514.11257971,A06037119800,119800,,31,US,682,"BlockApportionment:US.BlockGroups;PointsLayer:US.BlockPoints",2.191,2.576,1,66
683,06,037,535200,06037535200,5352,Census Tract 5352,G5020,S,865476,0,+33.9512593,-118.2508919,1260985.16406,6592.65521819,A06037535200,535200,,32,US,683,"BlockApportionment:US.BlockGroups;PointsLayer:US.BlockPoints",2.191,2.576,0,0
684,06,037,217200,06037217200,2172,Census Tract 2172,G5020,S,919065,0,+34.0495840,-118.3424594,1342137.09375,5523.17073309,A06037217200,217200,,33,US,684,"BlockApportionment:US.BlockGroups;PointsLayer:US.BlockPoints",2.191,2.576,1,37
685,06,037,109200,06037109200,1092,Census Tract 1092,G5020,S,1191362,0,+34.2779946,-118.4746349,1749129.58594,5543.8896884,A06037109200,109200,,34,US,685,"BlockApportionment:US.BlockGroups;PointsLayer:US.BlockPoints",2.191,2.576,1,97
686,06,037,123901,06037123901,1239.01,Census Tract 1239.01,G5020,S,1291196,0,+34.1854544,-118.3937977,1891589.53125,5545.04911851,A06037123901,123901,,35,US,686,"BlockApportionment:US.BlockGroups;PointsLayer:US.BlockPoints",2.191,2.576,1,56
687,06,037,216900,06037216900,2169,Census Tract 2169,G5020,S,1094559,0,+34.0499363,-118.3631083,1598428.19531,5561.89118868,A06037216900,216900,,36,US,687,"BlockApportionment:US.BlockGroups;PointsLayer:US.BlockPoints",2.191,2.576,1,42
688,06,037,127300,06037127300,1273,Census Tract 1273,G5020,S,1059237,0,+34.2083989,-118.4697657,1552605.85547,5562.35569219,A06037127300,127300,,37,US,688,"BlockApportionment:US.BlockGroups;PointsLayer:US.BlockPoints",2.191,2.576,1,46
689,06,037,101110,06037101110,1011.10,Census Tract 1011.10,G5020,S,1142401,0,+34.2594737,-118.2929869,1676518.61719,5565.41115936,A06037101110,101110,,38,US,689,"BlockApportionment:US.BlockGroups;PointsLayer:US.BlockPoints",2.191,2.576,1,58
690,06,037,277200,06037277200,2772,Census Tract 2772,G5020,S,1041838,0,+33.9526286,-118.3822385,1517989.95703,5574.57698561,A06037277200,277200,,39,US,690,"BlockApportionment:US.BlockGroups;PointsLayer:US.BlockPoints",2.191,2.576,1,53
691,06,037,134901,06037134901,1349.01,Census Tract 1349.01,G5020,S,1053137,8888,+34.1873507,-118.5606591,1555911.05469,5597.43820843,A06037134901,134901,,40,US,691,"BlockApportionment:US.BlockGroups;PointsLayer:US.BlockPoints",2.191,2.576,1,76
692,06,037,224020,06037224020,2240.20,Census Tract 2240.20,G5020,S,1232335,0,+34.0304827,-118.2686569,1798819.19922,5608.3073001,A06037224020,224020,,41,US,692,"BlockApportionment:US.BlockGroups;PointsLayer:US.BlockPoints",2.191,2.576,1,0
693,06,037,267901,06037267901,2679.01,Census Tract 2679.01,G5020,S,1119642,0,+34.0564560,-118.4137159,1635310.23047,5592.74704695,A06037267901,267901,,42,US,693,"BlockApportionment:US.BlockGroups;PointsLayer:US.BlockPoints",2.191,2.576,1,61
694,06,037,197300,06037197300,1973,Census Tract 1973,G5020,S,654245,0,+34.0811373,-118.2520467,956123.484375,5609.81260451,A06037197300,197300,,43,US,694,"BlockApportionment:US.BlockGroups;PointsLayer:US.BlockPoints",2.191,2.576,1,51
695,06,037,134302,06037134302,1343.02,Census Tract 1343.02,G5020,S,1299628,7244,+34.2136956,-118.6209257,1915848.39062,5632.50248546,A06037134302,134302,,44,US,695,"BlockApportionment:US.BlockGroups;PointsLayer:US.BlockPoints",2.191,2.576,1,85
696,06,037,277100,06037277100,2771,Census Tract 2771,G5020,S,1234119,0,+33.9652179,-118.3783987,1798676.82812,5635.05288362,A06037277100,277100,,45,US,696,"BlockApportionment:US.BlockGroups;PointsLayer:US.BlockPoints",2.191,2.576,1,82
697,06,037,293302,06037293302,2933.02,Census Tract 2933.02,G5020,S,1119337,0,+33.8016119,-118.3042086,1625200.32422,5639.69961571,A06037293302,293302,,46,US,697,"BlockApportionment:US.BlockGroups;PointsLayer:US.BlockPoints",2.191,2.576,1,64
698,06,037,141102,06037141102,1411.02,Census Tract 1411.02,G5020,S,766382,12522,+34.1494929,-118.4318823,1140113.25,5653.88100476,A06037141102,141102,,47,US,698,"BlockApportionment:US.BlockGroups;PointsLayer:US.BlockPoints",2.191,2.576,1,43
699,06,037,122122,06037122122,1221.22,Census Tract 1221.22,G5020,S,1017281,15394,+34.2197648,-118.3736105,1514082.125,5656.02956584,A06037122122,122122,,48,US,699,"BlockApportionment:US.BlockGroups;PointsLayer:US.BlockPoints",2.191,2.576,1,36
700,06,037,276500,06037276500,2765,Census Tract 2765,G5020,S,1191958,0,+33.9665412,-118.4180348,1737284.24219,5657.42213216,A06037276500,276500,,49,US,700,"BlockApportionment:US.BlockGroups;PointsLayer:US.BlockPoints",2.191,2.576,1,58
701,06,037,104703,06037104703,1047.03,Census Tract 1047.03,G5020,S,1168596,0,+34.2552266,-118.4005897,1714806.05859,5665.24558449,A06037104703,104703,,0,US,701,"BlockApportionment:US.BlockGroups;PointsLayer:US.BlockPoints",2.191,2.576,1,45
702,06,037,187200,06037187200,1872,Census Tract 1872,G5020,S,918311,33035,+34.1054563,-118.2468522,1391022.8125,5734.67130851,A06037187200,187200,,1,US,702,"BlockApportionment:US.BlockGroups;PointsLayer:US.BlockPoints",2.191,2.576,1,61
703,06,037,203300,06037203300,2033,Census Tract 2033,G5020,S,1489012,2852,+34.0588723,-118.2077883,2179134.99609,5748.91370124,A06037203300,203300,,2,US,703,"BlockApportionment:US.BlockGroups;PointsLayer:US.BlockPoints",2.191,2.576,1,49
704,06,037,291210,06037291210,2912.10,Census Tract 2912.10,G5020,S,1242662,0,+33.8886904,-118.2870814,1807903.29297,5774.76507131,A06037291210,291210,,3,US,704,"BlockApportionment:US.BlockGroups;PointsLayer:US.BlockPoints",2.191,2.576,1,57
705,06,037,134904,06037134904,1349.04,Census Tract 1349.04,G5020,S,1031886,7874,+34.1914626,-118.5803105,1523442.75781,5781.8738158,A06037134904,134904,,4,US,705,"BlockApportionment:US.BlockGroups;PointsLayer:US.BlockPoints",2.191,2.576,1,56
706,06,037,132700,06037132700,1327,Census Tract 1327,G5020,S,1310875,10477,+34.1888959,-118.5257626,1935971.91016,5785.96570566,A06037132700,132700,,5,US,706,"BlockApportionment:US.BlockGroups;PointsLayer:US.BlockPoints",2.191,2.576,1,62
707,06,037,120105,06037120105,1201.05,Census Tract 1201.05,G5020,S,550918,0,+34.2340798,-118.4488025,807956.433594,5816.47884096,A06037120105,120105,,6,US,707,"BlockApportionment:US.BlockGroups;PointsLayer:US.BlockPoints",2.191,2.576,1,44
708,06,037,132300,06037132300,1323,Census Tract 1323,G5020,S,1278601,0,+34.1974433,-118.5273253,1873664.05859,5820.83350074,A06037132300,132300,,7,US,708,"BlockApportionment:US.BlockGroups;PointsLayer:US.BlockPoints",2.191,2.576,1,47
709,06,037,291130,06037291130,2911.30,Census Tract 2911.30,G5020,S,1291463,0,+33.9024424,-118.2871419,1879508.92578,5828.83433707,A06037291130,291130,,8,US,709,"BlockApportionment:US.BlockGroups;PointsLayer:US.BlockPoints",2.191,2.576,1,64
710,06,037,276604,06037276604,2766.04,Census Tract 2766.04,G5020,S,838359,0,+33.9571656,-118.4248557,1221643.53125,5829.2207772,A06037276604,276604,,9,US,710,"BlockApportionment:US.BlockGroups;PointsLayer:US.BlockPoints",2.191,2.576,1,47
711,06,037,186203,06037186203,1862.03,Census Tract 1862.03,G5020,S,842700,0,+34.1150031,-118.2153416,1232506.39453,5833.18956378,A06037186203,186203,,10,US,711,"BlockApportionment:US.BlockGroups;PointsLayer:US.BlockPoints",2.191,2.576,1,72
712,06,037,239202,06037239202,2392.02,Census Tract 2392.02,G5020,S,1275621,0,+33.9856782,-118.2649765,1860057.47656,5836.3460028,A06037239202,239202,,11,US,712,"BlockApportionment:US.BlockGroups;PointsLayer:US.BlockPoints",2.191,2.576,1,35
713,06,037,238400,06037238400,2384,Census Tract 2384,G5020,S,1301547,0,+33.9563491,-118.3089917,1896565.16016,5843.9852301,A06037238400,238400,,12,US,713,"BlockApportionment:US.BlockGroups;PointsLayer:US.BlockPoints",2.191,2.576,1,60
714,06,037,125100,06037125100,1251,Census Tract 1251,G5020,S,1298673,0,+34.1648811,-118.3921251,1901617.13281,5854.13120634,A06037125100,125100,,13,US,714,"BlockApportionment:US.BlockGroups;PointsLayer:US.BlockPoints",2.191,2.576,1,39
715,06,037,125200,06037125200,1252,Census Tract 1252,G5020,S,1303249,498,+34.1667371,-118.3844985,1909052.09766,5854.57636952,A06037125200,125200,,14,US,715,"BlockApportionment:US.BlockGroups;PointsLayer:US.BlockPoints",2.191,2.576,1,42
716,06,037,131800,06037131800,1318,Census Tract 1318,G5020,S,1315591,0,+34.2047091,-118.5273080,1928190.24219,5868.42114625,A06037131800,131800,,15,US,716,"BlockApportionment:US.BlockGroups;PointsLayer:US.BlockPoints",2.191,2.576,1,62
717,06,037,131900,06037131900,1319,Census Tract 1319,G5020,S,1318217,0,+34.2047193,-118.5098593,1932046.17969,5875.75935687,A06037131900,131900,,16,US,717,"BlockApportionment:US.BlockGroups;PointsLayer:US.BlockPoints",2.191,2.576,1,72
718,06,037,603200,06037603200,6032,Census Tract 6032,G5020,S,1105764,33318,+33.8701465,-118.3023094,1656466.87109,8059.6357118,A06037603200,603200,,17,US,718,"BlockApportionment:US.BlockGroups;PointsLayer:US.BlockPoints",2.191,2.576,0,0
719,06,037,183104,06037183104,1831.04,Census Tract 1831.04,G5020,S,662254,4556,+34.1215773,-118.1746179,975406.546875,5929.32287859,A06037183104,183104,,18,US,719,"BlockApportionment:US.BlockGroups;PointsLayer:US.BlockPoints",2.191,2.576,1,58
720,06,037,104403,06037104403,1044.03,Census Tract 1044.03,G5020,S,693083,0,+34.2587946,-118.4344932,1017108.32422,5936.15838519,A06037104403,104403,,19,US,720,"BlockApportionment:US.BlockGroups;PointsLayer:US.BlockPoints",2.191,2.576,1,78
721,06,037,320100,06037320100,3201,Census Tract 3201,G5020,S,1900529,0,+34.2948569,-118.4273951,2791433.28125,7961.81327486,A06037320100,320100,,20,US,721,"BlockApportionment:US.BlockGroups;PointsLayer:US.BlockPoints",2.191,2.576,0,0
722,06,037,201110,06037201110,2011.10,Census Tract 2011.10,G5020,S,1013912,0,+34.0948043,-118.1743332,1482214.15234,5965.6112765,A06037201110,201110,,21,US,722,"BlockApportionment:US.BlockGroups;PointsLayer:US.BlockPoints",2.191,2.576,1,52
723,06,037,276400,06037276400,2764,Census Tract 2764,G5020,S,1275965,0,+33.9668881,-118.4095017,1859734.48438,5967.60959669,A06037276400,276400,,22,US,723,"BlockApportionment:US.BlockGroups;PointsLayer:US.BlockPoints",2.191,2.576,1,70
724,06,037,117301,06037117301,1173.01,Census Tract 1173.01,G5020,S,1331906,0,+34.2421587,-118.4896512,1953830.07422,5977.99058364,A06037117301,117301,,23,US,724,"BlockApportionment:US.BlockGroups;PointsLayer:US.BlockPoints",2.191,2.576,1,86
725,06,037,120020,06037120020,1200.20,Census Tract 1200.20,G5020,S,537593,14554,+34.2188235,-118.4548516,809515.761719,5996.07325606,A06037120020,120020,,24,US,725,"BlockApportionment:US.BlockGroups;PointsLayer:US.BlockPoints",2.191,2.576,1,34
726,06,037,102103,06037102103,1021.03,Census Tract 1021.03,G5020,S,1186484,0,+34.2250792,-118.3541880,1739800.37891,6028.75129958,A06037102103,102103,,25,US,726,"BlockApportionment:US.BlockGroups;PointsLayer:US.BlockPoints",2.191,2.576,1,64
727,06,037,294421,06037294421,2944.21,Census Tract 2944.21,G5020,S,673257,0,+33.7902748,-118.2975505,977270.714844,6032.29258954,A06037294421,294421,,26,US,727,"BlockApportionment:US.BlockGroups;PointsLayer:US.BlockPoints",2.191,2.576,1,43
728,06,037,121600,06037121600,1216,Census Tract 1216,G5020,S,1139500,0,+34.2110681,-118.4105906,1670355.80078,6038.28097243,A06037121600,121600,,27,US,728,"BlockApportionment:US.BlockGroups;PointsLayer:US.BlockPoints",2.191,2.576,1,75
729,06,037,199120,06037199120,1991.20,Census Tract 1991.20,G5020,S,943132,18746,+34.0700703,-118.1996896,1405331.5625,6067.51581155,A06037199120,199120,,28,US,729,"BlockApportionment:US.BlockGroups;PointsLayer:US.BlockPoints",2.191,2.576,1,24
730,06,037,134201,06037134201,1342.01,Census Tract 1342.01,G5020,S,1459395,7345,+34.2139885,-118.5912335,2150178.91016,6072.93423535,A06037134201,134201,,29,US,730,"BlockApportionment:US.BlockGroups;PointsLayer:US.BlockPoints",2.191,2.576,1,82
731,06,037,273800,06037273800,2738,Census Tract 2738,G5020,S,741623,0,+33.9927102,-118.4512626,1081578.12891,6061.62659583,A06037273800,273800,,30,US,731,"BlockApportionment:US.BlockGroups;PointsLayer:US.BlockPoints",2.191,2.576,1,35
732,06,037,103102,06037103102,1031.02,Census Tract 1031.02,G5020,S,1241029,0,+34.2633843,-118.3073883,1821420.62891,6100.16298746,A06037103102,103102,,31,US,732,"BlockApportionment:US.BlockGroups;PointsLayer:US.BlockPoints",2.191,2.576,1,68
733,06,037,109800,06037109800,1098,Census Tract 1098,G5020,S,1399406,0,+34.2537115,-118.4815974,2053411.63281,6116.75396354,A06037109800,109800,,32,US,733,"BlockApportionment:US.BlockGroups;PointsLayer:US.BlockPoints",2.191,2.576,1,88
734,06,037,294110,06037294110,2941.10,Census Tract 2941.10,G5020,S,989188,0,+33.7979795,-118.2603837,1436116.54688,6124.60634377,A06037294110,294110,,33,US,734,"BlockApportionment:US.BlockGroups;PointsLayer:US.BlockPoints",2.191,2.576,1,46
735,06,037,124000,06037124000,1240,Census Tract 1240,G5020,S,1333419,16656,+34.1617442,-118.4032660,1976781.65625,6155.1755531,A06037124000,124000,,34,US,735,"BlockApportionment:US.BlockGroups;PointsLayer:US.BlockPoints",2.191,2.576,1,52
736,06,037,143602,06037143602,1436.02,Census Tract 1436.02,G5020,S,1145557,73249,+34.1450296,-118.3855058,1783846.44531,6166.90063608,A06037143602,143602,,35,US,736,"BlockApportionment:US.BlockGroups;PointsLayer:US.BlockPoints",2.191,2.576,1,61
737,06,037,113233,06037113233,1132.33,Census Tract 1132.33,G5020,S,1143937,0,+34.2269621,-118.6012202,1677492.29688,6170.46236118,A06037113233,113233,,36,US,737,"BlockApportionment:US.BlockGroups;PointsLayer:US.BlockPoints",2.191,2.576,1,51
738,06,037,275603,06037275603,2756.03,Census Tract 2756.03,G5020,S,999956,28121,+33.9864759,-118.4066251,1499116.52734,6157.92829751,A06037275603,275603,,37,US,738,"BlockApportionment:US.BlockGroups;PointsLayer:US.BlockPoints",2.191,2.576,1,56
739,06,037,113234,06037113234,1132.34,Census Tract 1132.34,G5020,S,1012996,9924,+34.2257746,-118.5939793,1499999.98828,6202.15454554,A06037113234,113234,,38,US,739,"BlockApportionment:US.BlockGroups;PointsLayer:US.BlockPoints",2.191,2.576,1,54
740,06,037,113213,06037113213,1132.13,Census Tract 1132.13,G5020,S,1300834,24,+34.2515000,-118.6078470,1908790.21875,6217.20877477,A06037113213,113213,,39,US,740,"BlockApportionment:US.BlockGroups;PointsLayer:US.BlockPoints",2.191,2.576,1,60
741,06,037,183222,06037183222,1832.22,Census Tract 1832.22,G5020,S,928679,0,+34.1291817,-118.1973354,1358707.07031,6229.03260848,A06037183222,183222,,40,US,741,"BlockApportionment:US.BlockGroups;PointsLayer:US.BlockPoints",2.191,2.576,1,52
742,06,037,119202,06037119202,1192.02,Census Tract 1192.02,G5020,S,959137,10578,+34.2571321,-118.4398322,1422960.81641,6229.87894458,A06037119202,119202,,41,US,742,"BlockApportionment:US.BlockGroups;PointsLayer:US.BlockPoints",2.191,2.576,1,62
743,06,037,296300,06037296300,2963,Census Tract 2963,G5020,S,1062632,0,+33.7545886,-118.3012745,1541193.94922,6250.49417559,A06037296300,296300,,42,US,743,"BlockApportionment:US.BlockGroups;PointsLayer:US.BlockPoints",2.191,2.576,1,69
744,06,037,220100,06037220100,2201,Census Tract 2201,G5020,S,979760,635,+34.0239340,-118.3662035,1430838.59766,6247.09908933,A06037220100,220100,,43,US,744,"BlockApportionment:US.BlockGroups;PointsLayer:US.BlockPoints",2.191,2.576,1,38
745,06,037,199400,06037199400,1994,Census Tract 1994,G5020,S,669971,27134,+34.0896162,-118.2093313,1018955.01172,6243.55522557,A06037199400,199400,,44,US,745,"BlockApportionment:US.BlockGroups;PointsLayer:US.BlockPoints",2.191,2.576,1,43
746,06,037,296402,06037296402,2964.02,Census Tract 2964.02,G5020,S,1045978,0,+33.7465582,-118.3038513,1516757.53516,6258.49868412,A06037296402,296402,,45,US,746,"BlockApportionment:US.BlockGroups;PointsLayer:US.BlockPoints",2.191,2.576,1,81
747,06,037,133100,06037133100,1331,Census Tract 1331,G5020,S,1511321,8714,+34.1855499,-118.5427431,2226792.01953,6252.55856524,A06037133100,133100,,46,US,747,"BlockApportionment:US.BlockGroups;PointsLayer:US.BlockPoints",2.191,2.576,1,54
748,06,037,139502,06037139502,1395.02,Census Tract 1395.02,G5020,S,1047548,0,+34.1628402,-118.5263110,1533835.9375,6256.07817321,A06037139502,139502,,47,US,748,"BlockApportionment:US.BlockGroups;PointsLayer:US.BlockPoints",2.191,2.576,1,46
749,06,037,104704,06037104704,1047.04,Census Tract 1047.04,G5020,S,1662670,0,+34.2625316,-118.4088637,2440212.83984,6267.32495739,A06037104704,104704,,48,US,749,"BlockApportionment:US.BlockGroups;PointsLayer:US.BlockPoints",2.191,2.576,1,126
750,06,037,128702,06037128702,1287.02,Census Tract 1287.02,G5020,S,1642311,18542,+34.1608690,-118.4393180,2431685.875,6275.65725435,A06037128702,128702,,49,US,750,"BlockApportionment:US.BlockGroups;PointsLayer:US.BlockPoints",2.191,2.576,1,52
751,06,037,294120,06037294120,2941.20,Census Tract 2941.20,G5020,S,1560996,0,+33.7957797,-118.2475763,2266146.28516,6280.57887513,A06037294120,294120,,0,US,751,"BlockApportionment:US.BlockGroups;PointsLayer:US.BlockPoints",2.191,2.576,1,67
752,06,037,188201,06037188201,1882.01,Census Tract 1882.01,G5020,S,753138,23077,+34.1124175,-118.2723964,1135186.10156,6276.72513228,A06037188201,188201,,1,US,752,"BlockApportionment:US.BlockGroups;PointsLayer:US.BlockPoints",2.191,2.576,1,44
753,06,037,183101,06037183101,1831.01,Census Tract 1831.01,G5020,S,948156,19799,+34.1222377,-118.1823583,1415950.34375,6283.55289811,A06037183101,183101,,2,US,753,"BlockApportionment:US.BlockGroups;PointsLayer:US.BlockPoints",2.191,2.576,1,63
754,06,037,195400,06037195400,1954,Census Tract 1954,G5020,S,1030345,0,+34.0916923,-118.2740531,1506130.12109,6283.82465232,A06037195400,195400,,3,US,754,"BlockApportionment:US.BlockGroups;PointsLayer:US.BlockPoints",2.191,2.576,1,53
755,06,037,141302,06037141302,1413.02,Census Tract 1413.02,G5020,S,1275301,0,+34.1536894,-118.4628464,1866910.66016,6285.80660873,A06037141302,141302,,4,US,755,"BlockApportionment:US.BlockGroups;PointsLayer:US.BlockPoints",2.191,2.576,1,49
756,06,037,183702,06037183702,1837.02,Census Tract 1837.02,G5020,S,862390,30058,+34.1048444,-118.1836835,1304976.73438,6308.22330812,A06037183702,183702,,5,US,756,"BlockApportionment:US.BlockGroups;PointsLayer:US.BlockPoints",2.191,2.576,1,45
757,06,037,275311,06037275311,2753.11,Census Tract 2753.11,G5020,S,1255303,37063,+33.9882746,-118.4233089,1884589.04688,6311.25655758,A06037275311,275311,,6,US,757,"BlockApportionment:US.BlockGroups;PointsLayer:US.BlockPoints",2.191,2.576,1,52
758,06,037,207710,06037207710,2077.10,Census Tract 2077.10,G5020,S,1101222,0,+34.0468663,-118.2616828,1608048.53125,6342.05124032,A06037207710,207710,,7,US,758,"BlockApportionment:US.BlockGroups;PointsLayer:US.BlockPoints",2.191,2.576,1,73
759,06,037,134303,06037134303,1343.03,Census Tract 1343.03,G5020,S,1570731,14226,+34.2032480,-118.6118990,2322927.5625,6358.64908899,A06037134303,134303,,8,US,759,"BlockApportionment:US.BlockGroups;PointsLayer:US.BlockPoints",2.191,2.576,1,79
760,06,037,106114,06037106114,1061.14,Census Tract 1061.14,G5020,S,1011791,3298,+34.3023558,-118.4268073,1491205.82812,6368.55773821,A06037106114,106114,,9,US,760,"BlockApportionment:US.BlockGroups;PointsLayer:US.BlockPoints",2.191,2.576,1,56
761,06,037,218300,06037218300,2183,Census Tract 2183,G5020,S,891389,9421,+34.0427467,-118.3548171,1315251.29688,6371.19704833,A06037218300,218300,,10,US,761,"BlockApportionment:US.BlockGroups;PointsLayer:US.BlockPoints",2.191,2.576,1,35
762,06,037,185204,06037185204,1852.04,Census Tract 1852.04,G5020,S,963641,0,+34.1029045,-118.2232595,1408990.63672,6398.25734376,A06037185204,185204,,11,US,762,"BlockApportionment:US.BlockGroups;PointsLayer:US.BlockPoints",2.191,2.576,1,61
763,06,037,120400,06037120400,1204,Census Tract 1204,G5020,S,1065824,0,+34.2188822,-118.4323396,1562647.35156,6407.81039089,A06037120400,120400,,12,US,763,"BlockApportionment:US.BlockGroups;PointsLayer:US.BlockPoints",2.191,2.576,1,51
764,06,037,128910,06037128910,1289.10,Census Tract 1289.10,G5020,S,1298037,38748,+34.1616765,-118.4585185,1957276.33203,6412.94315161,A06037128910,128910,,13,US,764,"BlockApportionment:US.BlockGroups;PointsLayer:US.BlockPoints",2.191,2.576,1,57
765,06,037,189202,06037189202,1892.02,Census Tract 1892.02,G5020,S,1032930,0,+34.1113224,-118.2957566,1510599.54688,6415.66261556,A06037189202,189202,,14,US,765,"BlockApportionment:US.BlockGroups;PointsLayer:US.BlockPoints",2.191,2.576,1,38
766,06,037,185202,06037185202,1852.02,Census Tract 1852.02,G5020,S,1205737,0,+34.0950599,-118.2170631,1762650.92578,6417.94004305,A06037185202,185202,,15,US,766,"BlockApportionment:US.BlockGroups;PointsLayer:US.BlockPoints",2.191,2.576,1,50
767,06,037,134103,06037134103,1341.03,Census Tract 1341.03,G5020,S,1040917,9622,+34.2185595,-118.5814401,1540138.75781,6434.47651815,A06037134103,134103,,16,US,767,"BlockApportionment:US.BlockGroups;PointsLayer:US.BlockPoints",2.191,2.576,1,72
768,06,037,123800,06037123800,1238,Census Tract 1238,G5020,S,1290041,0,+34.1797390,-118.4014358,1889641.29688,6444.09263351,A06037123800,123800,,17,US,768,"BlockApportionment:US.BlockGroups;PointsLayer:US.BlockPoints",2.191,2.576,1,50
769,06,037,109300,06037109300,1093,Census Tract 1093,G5020,S,1233087,0,+34.2711982,-118.4804333,1810110.87891,6460.00675987,A06037109300,109300,,18,US,769,"BlockApportionment:US.BlockGroups;PointsLayer:US.BlockPoints",2.191,2.576,1,79
770,06,037,109400,06037109400,1094,Census Tract 1094,G5020,S,1290832,0,+34.2687153,-118.4557009,1894762.76172,6477.38994641,A06037109400,109400,,19,US,770,"BlockApportionment:US.BlockGroups;PointsLayer:US.BlockPoints",2.191,2.576,1,87
771,06,037,800203,06037800203,8002.03,Census Tract 8002.03,G5020,S,10391446,0,+34.1608030,-118.6726569,15214536.7148,20806.1524884,A06037800203,800203,,20,US,771,"BlockApportionment:US.BlockGroups;PointsLayer:US.BlockPoints",2.191,2.576,0,0
772,06,037,131020,06037131020,1310.20,Census Tract 1310.20,G5020,S,1428939,16026,+34.2001766,-118.5395023,2117542.64844,6505.67166333,A06037131020,131020,,21,US,772,"BlockApportionment:US.BlockGroups;PointsLayer:US.BlockPoints",2.191,2.576,1,58
773,06,037,123301,06037123301,1233.01,Census Tract 1233.01,G5020,S,1303486,0,+34.2003096,-118.4001219,1910261.48828,6532.01309126,A06037123301,123301,,22,US,773,"BlockApportionment:US.BlockGroups;PointsLayer:US.BlockPoints",2.191,2.576,1,60
774,06,037,117404,06037117404,1174.04,Census Tract 1174.04,G5020,S,1765652,0,+34.2284788,-118.4790770,2589275.875,6536.27444139,A06037117404,117404,,23,US,774,"BlockApportionment:US.BlockGroups;PointsLayer:US.BlockPoints",2.191,2.576,1,76
775,06,037,139001,06037139001,1390.01,Census Tract 1390.01,G5020,S,1239789,0,+34.1754113,-118.5117181,1815847.58594,6538.67789065,A06037139001,139001,,24,US,775,"BlockApportionment:US.BlockGroups;PointsLayer:US.BlockPoints",2.191,2.576,1,69
776,06,037,234600,06037234600,2346,Census Tract 2346,G5020,S,1303261,598,+33.9920177,-118.3275610,1901517.78125,6560.59774968,A06037234600,234600,,25,US,776,"BlockApportionment:US.BlockGroups;PointsLayer:US.BlockPoints",2.191,2.576,1,47
777,06,037,135202,06037135202,1352.02,Census Tract 1352.02,G5020,S,1762594,0,+34.1888180,-118.6369084,2582388.49219,6577.7126018,A06037135202,135202,,26,US,777,"BlockApportionment:US.BlockGroups;PointsLayer:US.BlockPoints",2.191,2.576,1,95
778,06,037,111302,06037111302,1113.02,Census Tract 1113.02,G5020,S,1552799,0,+34.2539511,-118.5128425,2278502.15234,6582.45296909,A06037111302,111302,,27,US,778,"BlockApportionment:US.BlockGroups;PointsLayer:US.BlockPoints",2.191,2.576,1,59
779,06,037,124700,06037124700,1247,Census Tract 1247,G5020,S,1347604,14339,+34.1631392,-118.4158172,1994124.67188,6584.05887765,A06037124700,124700,,28,US,779,"BlockApportionment:US.BlockGroups;PointsLayer:US.BlockPoints",2.191,2.576,1,55
780,06,037,186401,06037186401,1864.01,Census Tract 1864.01,G5020,S,963649,0,+34.1174911,-118.2455181,1409487.12109,6595.23953972,A06037186401,186401,,29,US,780,"BlockApportionment:US.BlockGroups;PointsLayer:US.BlockPoints",2.191,2.576,1,31
781,06,037,181500,06037181500,1815,Census Tract 1815,G5020,S,1094424,0,+34.1347812,-118.1928513,1601415.94922,6597.11035003,A06037181500,181500,,30,US,781,"BlockApportionment:US.BlockGroups;PointsLayer:US.BlockPoints",2.191,2.576,1,78
782,06,037,186301,06037186301,1863.01,Census Tract 1863.01,G5020,S,1160366,0,+34.1223497,-118.2404136,1697407.22266,6600.65334378,A06037186301,186301,,31,US,782,"BlockApportionment:US.BlockGroups;PointsLayer:US.BlockPoints",2.191,2.576,1,40
783,06,037,186302,06037186302,1863.02,Census Tract 1863.02,G5020,S,1685260,0,+34.1126731,-118.2288551,2464676.66016,6602.06225171,A06037186302,186302,,32,US,783,"BlockApportionment:US.BlockGroups;PointsLayer:US.BlockPoints",2.191,2.576,1,55
784,06,037,702400,06037702400,7024,Census Tract 7024,G5020,S,1981220,17347,+34.0251002,-118.3843439,2916923.91016,8923.88567702,A06037702400,702400,,33,US,784,"BlockApportionment:US.BlockGroups;PointsLayer:US.BlockPoints",2.191,2.576,0,0
785,06,037,181600,06037181600,1816,Census Tract 1816,G5020,S,1250035,0,+34.1297233,-118.2097405,1828892.8125,6616.7530598,A06037181600,181600,,34,US,785,"BlockApportionment:US.BlockGroups;PointsLayer:US.BlockPoints",2.191,2.576,1,50
786,06,037,109700,06037109700,1097,Census Tract 1097,G5020,S,1586861,0,+34.2619342,-118.4808881,2328919.52344,6623.21151375,A06037109700,109700,,35,US,786,"BlockApportionment:US.BlockGroups;PointsLayer:US.BlockPoints",2.191,2.576,1,80
787,06,037,241001,06037241001,2410.01,Census Tract 2410.01,G5020,S,904093,2395,+33.9296426,-118.2679732,1320067.25,6663.05264522,A06037241001,241001,,36,US,787,"BlockApportionment:US.BlockGroups;PointsLayer:US.BlockPoints",2.191,2.576,1,49
788,06,037,235100,06037235100,2351,Census Tract 2351,G5020,S,1181474,0,+33.9852423,-118.3463239,1722754.96875,6678.11986541,A06037235100,235100,,37,US,788,"BlockApportionment:US.BlockGroups;PointsLayer:US.BlockPoints",2.191,2.576,1,69
789,06,037,117202,06037117202,1172.02,Census Tract 1172.02,G5020,S,1813873,0,+34.2429089,-118.4788740,2660896.08203,6681.57498385,A06037117202,117202,,38,US,789,"BlockApportionment:US.BlockGroups;PointsLayer:US.BlockPoints",2.191,2.576,1,78
790,06,037,117303,06037117303,1173.03,Census Tract 1173.03,G5020,S,1800594,0,+34.2281097,-118.4912814,2640497.625,6686.15705937,A06037117303,117303,,39,US,790,"BlockApportionment:US.BlockGroups;PointsLayer:US.BlockPoints",2.191,2.576,1,83
791,06,037,111400,06037111400,1114,Census Tract 1114,G5020,S,1812030,0,+34.2578116,-118.4961820,2659125.5625,6698.832854,A06037111400,111400,,40,US,791,"BlockApportionment:US.BlockGroups;PointsLayer:US.BlockPoints",2.191,2.576,1,51
792,06,037,115201,06037115201,1152.01,Census Tract 1152.01,G5020,S,1366767,8775,+34.2441108,-118.5382749,2017949.4375,6701.89932131,A06037115201,115201,,41,US,792,"BlockApportionment:US.BlockGroups;PointsLayer:US.BlockPoints",2.191,2.576,1,52
793,06,037,275302,06037275302,2753.02,Census Tract 2753.02,G5020,S,1753483,45787,+33.9838746,-118.4336384,2623457.97656,6678.87160298,A06037275302,275302,,42,US,793,"BlockApportionment:US.BlockGroups;PointsLayer:US.BlockPoints",2.191,2.576,1,56
794,06,037,132900,06037132900,1329,Census Tract 1329,G5020,S,1184831,9256,+34.1828565,-118.5282202,1749254.92969,6708.69439208,A06037132900,132900,,43,US,794,"BlockApportionment:US.BlockGroups;PointsLayer:US.BlockPoints",2.191,2.576,1,72
795,06,037,113422,06037113422,1134.22,Census Tract 1134.22,G5020,S,1522545,7193,+34.2227990,-118.5807188,2243097.83594,6710.84176774,A06037113422,113422,,44,US,795,"BlockApportionment:US.BlockGroups;PointsLayer:US.BlockPoints",2.191,2.576,1,65
796,06,037,135114,06037135114,1351.14,Census Tract 1351.14,G5020,S,1265340,4657,+34.1904437,-118.6036620,1860614.25391,6712.35985225,A06037135114,135114,,45,US,796,"BlockApportionment:US.BlockGroups;PointsLayer:US.BlockPoints",2.191,2.576,1,55
797,06,037,121222,06037121222,1212.22,Census Tract 1212.22,G5020,S,1334916,0,+34.2321519,-118.3919487,1957778.21484,6717.07266696,A06037121222,121222,,46,US,797,"BlockApportionment:US.BlockGroups;PointsLayer:US.BlockPoints",2.191,2.576,1,46
798,06,037,199202,06037199202,1992.02,Census Tract 1992.02,G5020,S,954416,0,+34.0812848,-118.2032927,1394796.89062,6744.71207847,A06037199202,199202,,47,US,798,"BlockApportionment:US.BlockGroups;PointsLayer:US.BlockPoints",2.191,2.576,1,53
799,06,037,123601,06037123601,1236.01,Census Tract 1236.01,G5020,S,1504226,28231,+34.1774941,-118.4162038,2244634.78516,6757.81481709,A06037123601,123601,,48,US,799,"BlockApportionment:US.BlockGroups;PointsLayer:US.BlockPoints",2.191,2.576,1,47
800,06,037,121210,06037121210,1212.10,Census Tract 1212.10,G5020,S,1997365,29714,+34.2418820,-118.4049441,2973416.20703,6780.91601301,A06037121210,121210,,49,US,800,"BlockApportionment:US.BlockGroups;PointsLayer:US.BlockPoints",2.191,2.576,1,65
801,06,037,670702,06037670702,6707.02,Census Tract 6707.02,G5020,S,6698102,94012,+33.7548021,-118.3294037,9850359.37891,22587.124629,A06037670702,670702,,0,US,801,"BlockApportionment:US.BlockGroups;PointsLayer:US.BlockPoints",2.191,2.576,0,0
802,06,037,134423,06037134423,1344.23,Census Tract 1344.23,G5020,S,1560692,6351,+34.2140487,-118.6350313,2297241.85156,6797.6718748,A06037134423,134423,,1,US,802,"BlockApportionment:US.BlockGroups;PointsLayer:US.BlockPoints",2.191,2.576,1,78
803,06,037,197410,06037197410,1974.10,Census Tract 1974.10,G5020,S,1393310,0,+34.0929146,-118.2504370,2036751.42969,6831.53331063,A06037197410,197410,,2,US,803,"BlockApportionment:US.BlockGroups;PointsLayer:US.BlockPoints",2.191,2.576,1,55
804,06,037,120300,06037120300,1203,Census Tract 1203,G5020,S,1718660,0,+34.2152914,-118.4408399,2519582.42578,6837.64567812,A06037120300,120300,,3,US,804,"BlockApportionment:US.BlockGroups;PointsLayer:US.BlockPoints",2.191,2.576,1,59
805,06,037,134800,06037134800,1348,Census Tract 1348,G5020,S,1859220,15191,+34.1955756,-118.5715500,2746688.79297,6853.18587516,A06037134800,134800,,4,US,805,"BlockApportionment:US.BlockGroups;PointsLayer:US.BlockPoints",2.191,2.576,1,77
806,06,037,135201,06037135201,1352.01,Census Tract 1352.01,G5020,S,1531444,351,+34.1903616,-118.6261323,2244218.18359,6867.44456041,A06037135201,135201,,5,US,806,"BlockApportionment:US.BlockGroups;PointsLayer:US.BlockPoints",2.191,2.576,1,84
807,06,037,297300,06037297300,2973,Census Tract 2973,G5020,S,1231960,1164971,+33.7180342,-118.3149190,3473320.44531,9664.39018022,A06037297300,297300,,6,US,807,"BlockApportionment:US.BlockGroups;PointsLayer:US.BlockPoints",2.191,2.576,1,74
808,06,037,297000,06037297000,2970,Census Tract 2970,G5020,S,1451022,0,+33.7330809,-118.3084736,2103448.125,6914.70445283,A06037297000,297000,,7,US,808,"BlockApportionment:US.BlockGroups;PointsLayer:US.BlockPoints",2.191,2.576,1,65
809,06,037,115202,06037115202,1152.02,Census Tract 1152.02,G5020,S,1737515,3837,+34.2332349,-118.5376549,2553969.86328,6921.24935978,A06037115202,115202,,8,US,809,"BlockApportionment:US.BlockGroups;PointsLayer:US.BlockPoints",2.191,2.576,1,60
810,06,037,203500,06037203500,2035,Census Tract 2035,G5020,S,1633661,23932,+34.0572260,-118.2185819,2420999.55469,6926.62101169,A06037203500,203500,,9,US,810,"BlockApportionment:US.BlockGroups;PointsLayer:US.BlockPoints",2.191,2.576,1,61
811,06,037,143500,06037143500,1435,Census Tract 1435,G5020,S,1191719,46468,+34.1476412,-118.4067800,1812324.97656,6962.84485391,A06037143500,143500,,10,US,811,"BlockApportionment:US.BlockGroups;PointsLayer:US.BlockPoints",2.191,2.576,1,49
812,06,037,143100,06037143100,1431,Census Tract 1431,G5020,S,1723820,53654,+34.1480353,-118.3559057,2601689.95703,6972.98268487,A06037143100,143100,,11,US,812,"BlockApportionment:US.BlockGroups;PointsLayer:US.BlockPoints",2.191,2.576,1,45
813,06,037,216300,06037216300,2163,Census Tract 2163,G5020,S,1272856,0,+34.0599709,-118.3622105,1859246.46094,6972.71481243,A06037216300,216300,,12,US,813,"BlockApportionment:US.BlockGroups;PointsLayer:US.BlockPoints",2.191,2.576,1,46
814,06,037,132102,06037132102,1321.02,Census Tract 1321.02,G5020,S,1371329,0,+34.2020955,-118.4973690,2009767.55859,6973.08079303,A06037132102,132102,,13,US,814,"BlockApportionment:US.BlockGroups;PointsLayer:US.BlockPoints",2.191,2.576,1,60
815,06,037,201602,06037201602,2016.02,Census Tract 2016.02,G5020,S,1065765,0,+34.0771500,-118.1678921,1557378.44141,6983.87183844,A06037201602,201602,,14,US,815,"BlockApportionment:US.BlockGroups;PointsLayer:US.BlockPoints",2.191,2.576,1,53
816,06,037,980001,06037980001,9800.01,Census Tract 9800.01,G5020,S,2315128,0,+34.1997152,-118.3575367,3392774.12109,8391.95399369,A06037980001,980001,,15,US,816,"BlockApportionment:US.BlockGroups;PointsLayer:US.BlockPoints",2.191,2.576,0,0
817,06,037,135102,06037135102,1351.02,Census Tract 1351.02,G5020,S,1653267,15192,+34.1886366,-118.6174552,2444450.55859,6999.78855704,A06037135102,135102,,16,US,817,"BlockApportionment:US.BlockGroups;PointsLayer:US.BlockPoints",2.191,2.576,1,105
818,06,037,104108,06037104108,1041.08,Census Tract 1041.08,G5020,S,1096629,0,+34.2731497,-118.3985699,1609868.88672,7002.32730717,A06037104108,104108,,17,US,818,"BlockApportionment:US.BlockGroups;PointsLayer:US.BlockPoints",2.191,2.576,1,65
819,06,037,108102,06037108102,1081.02,Census Tract 1081.02,G5020,S,2183816,0,+34.2804584,-118.5550665,3206419.05469,7003.11116148,A06037108102,108102,,18,US,819,"BlockApportionment:US.BlockGroups;PointsLayer:US.BlockPoints",2.191,2.576,1,63
820,06,037,199000,06037199000,1990,Census Tract 1990,G5020,S,1500955,59675,+34.0800545,-118.2197173,2280657.28125,7017.45544569,A06037199000,199000,,19,US,820,"BlockApportionment:US.BlockGroups;PointsLayer:US.BlockPoints",2.191,2.576,1,59
821,06,037,226001,06037226001,2260.01,Census Tract 2260.01,G5020,S,1034764,0,+34.0244804,-118.2502706,1510215.62891,7019.06104082,A06037226001,226001,,20,US,821,"BlockApportionment:US.BlockGroups;PointsLayer:US.BlockPoints",2.191,2.576,1,57
822,06,037,106641,06037106641,1066.41,Census Tract 1066.41,G5020,S,1135493,0,+34.2984691,-118.5084331,1667911.48047,7051.58274225,A06037106641,106641,,21,US,822,"BlockApportionment:US.BlockGroups;PointsLayer:US.BlockPoints",2.191,2.576,1,90
823,06,037,104310,06037104310,1043.10,Census Tract 1043.10,G5020,S,1508622,0,+34.2763731,-118.4292815,2214855.19531,7054.24663379,A06037104310,104310,,22,US,823,"BlockApportionment:US.BlockGroups;PointsLayer:US.BlockPoints",2.191,2.576,1,90
824,06,037,137201,06037137201,1372.01,Census Tract 1372.01,G5020,S,1990842,3350,+34.1736504,-118.6156242,2920627.34375,7075.22135742,A06037137201,137201,,23,US,824,"BlockApportionment:US.BlockGroups;PointsLayer:US.BlockPoints",2.191,2.576,1,57
825,06,037,125310,06037125310,1253.10,Census Tract 1253.10,G5020,S,1053710,0,+34.1695171,-118.3660317,1543100.28516,7095.82050094,A06037125310,125310,,24,US,825,"BlockApportionment:US.BlockGroups;PointsLayer:US.BlockPoints",2.191,2.576,1,39
826,06,037,236400,06037236400,2364,Census Tract 2364,G5020,S,1340500,0,+34.0067001,-118.3512616,1955610.42578,7137.43442076,A06037236400,236400,,25,US,826,"BlockApportionment:US.BlockGroups;PointsLayer:US.BlockPoints",2.191,2.576,1,42
827,06,037,134421,06037134421,1344.21,Census Tract 1344.21,G5020,S,2134567,0,+34.2020230,-118.6471400,3128334.62891,7127.51727136,A06037134421,134421,,26,US,827,"BlockApportionment:US.BlockGroups;PointsLayer:US.BlockPoints",2.191,2.576,1,82
828,06,037,274202,06037274202,2742.02,Census Tract 2742.02,G5020,S,940982,1272378,+33.9709011,-118.4615184,3226247.92969,8107.27307436,A06037274202,274202,,27,US,828,"BlockApportionment:US.BlockGroups;PointsLayer:US.BlockPoints",2.191,2.576,1,30
829,06,037,141400,06037141400,1414,Census Tract 1414,G5020,S,1997409,0,+34.1574858,-118.4760694,2924254.47266,7162.27326639,A06037141400,141400,,28,US,829,"BlockApportionment:US.BlockGroups;PointsLayer:US.BlockPoints",2.191,2.576,1,44
830,06,037,131600,06037131600,1316,Census Tract 1316,G5020,S,2184449,6443,+34.2147180,-118.5513560,3211804.32812,7171.68674126,A06037131600,131600,,29,US,830,"BlockApportionment:US.BlockGroups;PointsLayer:US.BlockPoints",2.191,2.576,1,68
831,06,037,122200,06037122200,1222,Census Tract 1222,G5020,S,1704844,0,+34.2143169,-118.3594491,2499273.25391,7169.47853405,A06037122200,122200,,30,US,831,"BlockApportionment:US.BlockGroups;PointsLayer:US.BlockPoints",2.191,2.576,1,55
832,06,037,187300,06037187300,1873,Census Tract 1873,G5020,S,1168844,0,+34.1016126,-118.2567240,1708977.37891,7175.79907677,A06037187300,187300,,31,US,832,"BlockApportionment:US.BlockGroups;PointsLayer:US.BlockPoints",2.191,2.576,1,67
833,06,037,121010,06037121010,1210.10,Census Tract 1210.10,G5020,S,1929814,109629,+34.2239130,-118.4039440,2990422.57031,7199.37760136,A06037121010,121010,,32,US,833,"BlockApportionment:US.BlockGroups;PointsLayer:US.BlockPoints",2.191,2.576,1,59
834,06,037,127210,06037127210,1272.10,Census Tract 1272.10,G5020,S,1539742,1672,+34.2066365,-118.4596472,2259362.97266,7256.47022619,A06037127210,127210,,33,US,834,"BlockApportionment:US.BlockGroups;PointsLayer:US.BlockPoints",2.191,2.576,1,48
835,06,037,183103,06037183103,1831.03,Census Tract 1831.03,G5020,S,638537,18086,+34.1156486,-118.1749059,960373.367188,7261.06783701,A06037183103,183103,,34,US,835,"BlockApportionment:US.BlockGroups;PointsLayer:US.BlockPoints",2.191,2.576,1,47
836,06,037,294701,06037294701,2947.01,Census Tract 2947.01,G5020,S,1753940,0,+33.7780093,-118.2549078,2545213.00781,7285.65447613,A06037294701,294701,,35,US,836,"BlockApportionment:US.BlockGroups;PointsLayer:US.BlockPoints",2.191,2.576,1,49
837,06,037,106520,06037106520,1065.20,Census Tract 1065.20,G5020,S,2205882,0,+34.3088574,-118.4613523,3240995.08203,7307.77007886,A06037106520,106520,,36,US,837,"BlockApportionment:US.BlockGroups;PointsLayer:US.BlockPoints",2.191,2.576,1,80
838,06,037,106113,06037106113,1061.13,Census Tract 1061.13,G5020,S,1443463,0,+34.3061546,-118.4222070,2120675.96094,7326.53152595,A06037106113,106113,,37,US,838,"BlockApportionment:US.BlockGroups;PointsLayer:US.BlockPoints",2.191,2.576,1,81
839,06,037,262501,06037262501,2625.01,Census Tract 2625.01,G5020,S,1635118,3278,+34.0503509,-118.5202383,2392622.10938,7341.45436016,A06037262501,262501,,38,US,839,"BlockApportionment:US.BlockGroups;PointsLayer:US.BlockPoints",2.191,2.576,1,49
840,06,037,109601,06037109601,1096.01,Census Tract 1096.01,G5020,S,2214612,33284,+34.2593157,-118.4495333,3298812.66797,7417.19140297,A06037109601,109601,,39,US,840,"BlockApportionment:US.BlockGroups;PointsLayer:US.BlockPoints",2.191,2.576,1,80
841,06,037,121900,06037121900,1219,Census Tract 1219,G5020,S,1687516,0,+34.2178664,-118.3832004,2474071.11719,7420.93557375,A06037121900,121900,,40,US,841,"BlockApportionment:US.BlockGroups;PointsLayer:US.BlockPoints",2.191,2.576,1,55
842,06,037,113322,06037113322,1133.22,Census Tract 1133.22,G5020,S,1786817,0,+34.2536782,-118.5721365,2621872.47656,7432.04762139,A06037113322,113322,,41,US,842,"BlockApportionment:US.BlockGroups;PointsLayer:US.BlockPoints",2.191,2.576,1,78
843,06,037,189600,06037189600,1896,Census Tract 1896,G5020,S,1082949,0,+34.1113467,-118.3297772,1583749.87109,7464.67458693,A06037189600,189600,,42,US,843,"BlockApportionment:US.BlockGroups;PointsLayer:US.BlockPoints",2.191,2.576,1,34
844,06,037,137301,06037137301,1373.01,Census Tract 1373.01,G5020,S,1601322,8359,+34.1762530,-118.6340417,2357668.8125,7469.35855754,A06037137301,137301,,43,US,844,"BlockApportionment:US.BlockGroups;PointsLayer:US.BlockPoints",2.191,2.576,1,78
845,06,037,115104,06037115104,1151.04,Census Tract 1151.04,G5020,S,1020182,0,+34.2374910,-118.5226460,1496382.56641,7504.9782205,A06037115104,115104,,44,US,845,"BlockApportionment:US.BlockGroups;PointsLayer:US.BlockPoints",2.191,2.576,1,45
846,06,037,119700,06037119700,1197,Census Tract 1197,G5020,S,1288673,21675,+34.2207731,-118.4257669,1921259.05469,7506.86237511,A06037119700,119700,,45,US,846,"BlockApportionment:US.BlockGroups;PointsLayer:US.BlockPoints",2.191,2.576,1,75
847,06,037,106642,06037106642,1066.42,Census Tract 1066.42,G5020,S,1577594,0,+34.2863224,-118.5070136,2316654.19922,7528.67662168,A06037106642,106642,,46,US,847,"BlockApportionment:US.BlockGroups;PointsLayer:US.BlockPoints",2.191,2.576,1,89
848,06,037,115401,06037115401,1154.01,Census Tract 1154.01,G5020,S,1905167,0,+34.2248079,-118.5151269,2793631.44531,7533.95518913,A06037115401,115401,,47,US,848,"BlockApportionment:US.BlockGroups;PointsLayer:US.BlockPoints",2.191,2.576,1,45
849,06,037,265301,06037265301,2653.01,Census Tract 2653.01,G5020,S,1595811,0,+34.0710687,-118.4454343,2331581.82812,7553.29761713,A06037265301,265301,,48,US,849,"BlockApportionment:US.BlockGroups;PointsLayer:US.BlockPoints",2.191,2.576,1,0
850,06,037,109500,06037109500,1095,Census Tract 1095,G5020,S,1194582,0,+34.2703268,-118.4389358,1753691.22656,7606.46642567,A06037109500,109500,,49,US,850,"BlockApportionment:US.BlockGroups;PointsLayer:US.BlockPoints",2.191,2.576,1,43
851,06,037,113401,06037113401,1134.01,Census Tract 1134.01,G5020,S,2451802,0,+34.2272273,-118.5626937,3595385.63672,7641.63910707,A06037113401,113401,,0,US,851,"BlockApportionment:US.BlockGroups;PointsLayer:US.BlockPoints",2.191,2.576,1,69
852,06,037,139600,06037139600,1396,Census Tract 1396,G5020,S,2477482,0,+34.1640599,-118.5101001,3627658.22266,7658.02338065,A06037139600,139600,,1,US,852,"BlockApportionment:US.BlockGroups;PointsLayer:US.BlockPoints",2.191,2.576,1,30
853,06,037,111202,06037111202,1112.02,Census Tract 1112.02,G5020,S,1866692,0,+34.2684432,-118.5148271,2740025.39453,7658.18015852,A06037111202,111202,,2,US,853,"BlockApportionment:US.BlockGroups;PointsLayer:US.BlockPoints",2.191,2.576,1,73
854,06,037,106649,06037106649,1066.49,Census Tract 1066.49,G5020,S,1112675,0,+34.2892496,-118.4606550,1634040.89453,7669.94930467,A06037106649,106649,,3,US,854,"BlockApportionment:US.BlockGroups;PointsLayer:US.BlockPoints",2.191,2.576,1,77
855,06,037,700700,06037700700,7007,Census Tract 7007,G5020,S,3530190,0,+34.0805198,-118.4165576,5158982.28125,11922.6500535,A06037700700,700700,,4,US,855,"BlockApportionment:US.BlockGroups;PointsLayer:US.BlockPoints",2.191,2.576,0,0
856,06,037,800506,06037800506,8005.06,Census Tract 8005.06,G5020,S,26495804,2840750,+34.0516505,-118.6049503,42846520.9141,36820.9361462,A06037800506,800506,,5,US,856,"BlockApportionment:US.BlockGroups;PointsLayer:US.BlockPoints",2.191,2.576,0,0
857,06,037,143400,06037143400,1434,Census Tract 1434,G5020,S,1738504,18831,+34.1538507,-118.4110998,2572555.44141,7745.1148105,A06037143400,143400,,6,US,857,"BlockApportionment:US.BlockGroups;PointsLayer:US.BlockPoints",2.191,2.576,1,53
858,06,037,132002,06037132002,1320.02,Census Tract 1320.02,G5020,S,1600216,0,+34.1948951,-118.5071960,2344816.79297,7765.3281282,A06037132002,132002,,7,US,858,"BlockApportionment:US.BlockGroups;PointsLayer:US.BlockPoints",2.191,2.576,1,84
859,06,037,238000,06037238000,2380,Census Tract 2380,G5020,S,1663568,0,+33.9472944,-118.3097251,2423568.74609,7777.89881496,A06037238000,238000,,8,US,859,"BlockApportionment:US.BlockGroups;PointsLayer:US.BlockPoints",2.191,2.576,1,59
860,06,037,201700,06037201700,2017,Census Tract 2017,G5020,S,1694749,0,+34.0674315,-118.1708887,2475934.26172,7837.14220459,A06037201700,201700,,9,US,860,"BlockApportionment:US.BlockGroups;PointsLayer:US.BlockPoints",2.191,2.576,1,60
861,06,037,226002,06037226002,2260.02,Census Tract 2260.02,G5020,S,2568345,0,+34.0326185,-118.2477706,3749150.46094,7880.8481111,A06037226002,226002,,10,US,861,"BlockApportionment:US.BlockGroups;PointsLayer:US.BlockPoints",2.191,2.576,1,41
862,06,037,111301,06037111301,1113.01,Census Tract 1113.01,G5020,S,2001348,0,+34.2611290,-118.5157706,2937170.40234,7891.76541669,A06037111301,111301,,11,US,862,"BlockApportionment:US.BlockGroups;PointsLayer:US.BlockPoints",2.191,2.576,1,60
863,06,037,106406,06037106406,1064.06,Census Tract 1064.06,G5020,S,2085951,916,+34.3228610,-118.4589744,3067105.0625,7904.99040248,A06037106406,106406,,12,US,863,"BlockApportionment:US.BlockGroups;PointsLayer:US.BlockPoints",2.191,2.576,1,72
864,06,037,113101,06037113101,1131.01,Census Tract 1131.01,G5020,S,2265262,2714,+34.2654115,-118.5852975,3328750.10156,7909.01199019,A06037113101,113101,,13,US,864,"BlockApportionment:US.BlockGroups;PointsLayer:US.BlockPoints",2.191,2.576,1,78
865,06,037,181300,06037181300,1813,Census Tract 1813,G5020,S,1438932,0,+34.1360845,-118.2236529,2105576.66406,7928.84655024,A06037181300,181300,,14,US,865,"BlockApportionment:US.BlockGroups;PointsLayer:US.BlockPoints",2.191,2.576,1,61
866,06,037,297400,06037297400,2974,Census Tract 2974,G5020,S,2092347,956009,+33.7208388,-118.3228117,4417904.03125,9554.5347592,A06037297400,297400,,15,US,866,"BlockApportionment:US.BlockGroups;PointsLayer:US.BlockPoints",2.191,2.576,1,58
867,06,037,119002,06037119002,1190.02,Census Tract 1190.02,G5020,S,1684824,16416,+34.2469249,-118.4275349,2495839.10547,7977.95246409,A06037119002,119002,,16,US,867,"BlockApportionment:US.BlockGroups;PointsLayer:US.BlockPoints",2.191,2.576,1,84
868,06,037,297500,06037297500,2975,Census Tract 2975,G5020,S,2093495,2159647,+33.7107078,-118.3025064,6162252.51562,10376.2857904,A06037297500,297500,,17,US,868,"BlockApportionment:US.BlockGroups;PointsLayer:US.BlockPoints",2.191,2.576,1,73
869,06,037,113421,06037113421,1134.21,Census Tract 1134.21,G5020,S,2196805,8498,+34.2335792,-118.5830621,3234371.04297,7986.41892993,A06037113421,113421,,18,US,869,"BlockApportionment:US.BlockGroups;PointsLayer:US.BlockPoints",2.191,2.576,1,54
870,06,037,311600,06037311600,3116,Census Tract 3116,G5020,S,2808937,6146,+34.1531211,-118.3390315,4120917.30078,9167.07520784,A06037311600,311600,,19,US,870,"BlockApportionment:US.BlockGroups;PointsLayer:US.BlockPoints",2.191,2.576,0,0
871,06,037,277000,06037277000,2770,Census Tract 2770,G5020,S,2298914,0,+33.9713675,-118.4003336,3351058.17969,8047.67560282,A06037277000,277000,,20,US,871,"BlockApportionment:US.BlockGroups;PointsLayer:US.BlockPoints",2.191,2.576,1,71
872,06,037,115301,06037115301,1153.01,Census Tract 1153.01,G5020,S,1621785,19448,+34.2422846,-118.5480890,2407621.35156,8079.93712564,A06037115301,115301,,21,US,872,"BlockApportionment:US.BlockGroups;PointsLayer:US.BlockPoints",2.191,2.576,1,65
873,06,037,186100,06037186100,1861,Census Tract 1861,G5020,S,1347300,0,+34.1284623,-118.2299818,1971142.17578,8100.71641396,A06037186100,186100,,22,US,873,"BlockApportionment:US.BlockGroups;PointsLayer:US.BlockPoints",2.191,2.576,1,64
874,06,037,134905,06037134905,1349.05,Census Tract 1349.05,G5020,S,2586737,0,+34.1833588,-118.5842954,3789348.25,8133.94528591,A06037134905,134905,,23,US,874,"BlockApportionment:US.BlockGroups;PointsLayer:US.BlockPoints",2.191,2.576,1,67
875,06,037,262706,06037262706,2627.06,Census Tract 2627.06,G5020,S,2303895,525442,+34.0350108,-118.5245644,4130506.27344,8735.952221,A06037262706,262706,,24,US,875,"BlockApportionment:US.BlockGroups;PointsLayer:US.BlockPoints",2.191,2.576,1,49
876,06,037,115103,06037115103,1151.03,Census Tract 1151.03,G5020,S,1518656,0,+34.2438279,-118.5274502,2227868.60938,8224.96178349,A06037115103,115103,,25,US,876,"BlockApportionment:US.BlockGroups;PointsLayer:US.BlockPoints",2.191,2.576,1,0
877,06,037,670701,06037670701,6707.01,Census Tract 6707.01,G5020,S,3081122,0,+33.7621234,-118.3130249,4469494.21875,12944.0368479,A06037670701,670701,,26,US,877,"BlockApportionment:US.BlockGroups;PointsLayer:US.BlockPoints",2.191,2.576,0,0
878,06,037,297601,06037297601,2976.01,Census Tract 2976.01,G5020,S,775887,1792843,+33.7088571,-118.2869206,3721405.25781,12020.7825644,A06037297601,297601,,27,US,878,"BlockApportionment:US.BlockGroups;PointsLayer:US.BlockPoints",2.191,2.576,1,44
879,06,037,128400,06037128400,1284,Census Tract 1284,G5020,S,1725920,0,+34.1765495,-118.4588523,2527920.92578,8322.73716062,A06037128400,128400,,28,US,879,"BlockApportionment:US.BlockGroups;PointsLayer:US.BlockPoints",2.191,2.576,1,65
880,06,037,276000,06037276000,2760,Census Tract 2760,G5020,S,2338438,0,+33.9691783,-118.3890198,3408500.77734,8323.20566219,A06037276000,276000,,29,US,880,"BlockApportionment:US.BlockGroups;PointsLayer:US.BlockPoints",2.191,2.576,1,76
881,06,037,113301,06037113301,1133.01,Census Tract 1133.01,G5020,S,2254327,0,+34.2440457,-118.5583038,3307116.90234,8362.76005047,A06037113301,113301,,30,US,881,"BlockApportionment:US.BlockGroups;PointsLayer:US.BlockPoints",2.191,2.576,1,43
882,06,037,189702,06037189702,1897.02,Census Tract 1897.02,G5020,S,1458586,0,+34.1124928,-118.3410239,2133157.59375,8527.75361334,A06037189702,189702,,31,US,882,"BlockApportionment:US.BlockGroups;PointsLayer:US.BlockPoints",2.191,2.576,1,30
883,06,037,276601,06037276601,2766.01,Census Tract 2766.01,G5020,S,2232407,7324,+33.9637725,-118.4345193,3264240.83203,8565.5983336,A06037276601,276601,,32,US,883,"BlockApportionment:US.BlockGroups;PointsLayer:US.BlockPoints",2.191,2.576,1,53
884,06,037,106020,06037106020,1060.20,Census Tract 1060.20,G5020,S,2010764,7144,+34.3232264,-118.4294854,2965683.09375,8581.92769685,A06037106020,106020,,33,US,884,"BlockApportionment:US.BlockGroups;PointsLayer:US.BlockPoints",2.191,2.576,1,72
885,06,037,137104,06037137104,1371.04,Census Tract 1371.04,G5020,S,2564757,0,+34.1737636,-118.5849481,3756305.23828,8627.12530062,A06037137104,137104,,34,US,885,"BlockApportionment:US.BlockGroups;PointsLayer:US.BlockPoints",2.191,2.576,1,82
886,06,037,106646,06037106646,1066.46,Census Tract 1066.46,G5020,S,1476213,0,+34.2797379,-118.4939447,2167441.58594,8662.07627336,A06037106646,106646,,35,US,886,"BlockApportionment:US.BlockGroups;PointsLayer:US.BlockPoints",2.191,2.576,1,94
887,06,037,113232,06037113232,1132.32,Census Tract 1132.32,G5020,S,2065823,0,+34.2258261,-118.6125452,3029275.78516,8711.53899834,A06037113232,113232,,36,US,887,"BlockApportionment:US.BlockGroups;PointsLayer:US.BlockPoints",2.191,2.576,1,92
888,06,037,106010,06037106010,1060.10,Census Tract 1060.10,G5020,S,2517807,0,+34.3253415,-118.4434033,3700725.24219,8854.7183741,A06037106010,106010,,37,US,888,"BlockApportionment:US.BlockGroups;PointsLayer:US.BlockPoints",2.191,2.576,1,72
889,06,037,111206,06037111206,1112.06,Census Tract 1112.06,G5020,S,2611197,11547,+34.2690645,-118.5343557,3849723.03125,8909.01789036,A06037111206,111206,,38,US,889,"BlockApportionment:US.BlockGroups;PointsLayer:US.BlockPoints",2.191,2.576,1,95
890,06,037,300301,06037300301,3003.01,Census Tract 3003.01,G5020,S,6143712,19081,+34.2511012,-118.2525977,9042305.61328,15468.4360651,A06037300301,300301,,39,US,890,"BlockApportionment:US.BlockGroups;PointsLayer:US.BlockPoints",2.191,2.576,0,0
891,06,037,265100,06037265100,2651,Census Tract 2651,G5020,S,2362034,0,+34.0737151,-118.4288493,3451306.54297,8993.09544194,A06037265100,265100,,40,US,891,"BlockApportionment:US.BlockGroups;PointsLayer:US.BlockPoints",2.191,2.576,1,36
892,06,037,320000,06037320000,3200,Census Tract 3200,G5020,S,1310258,37204,+34.1387351,-118.3508573,1971843.98047,7126.47610266,A06037320000,320000,,41,US,892,"BlockApportionment:US.BlockGroups;PointsLayer:US.BlockPoints",2.191,2.576,1,0
893,06,037,113102,06037113102,1131.02,Census Tract 1131.02,G5020,S,3653883,16997,+34.2657817,-118.5667498,5387908.16797,9191.439517,A06037113102,113102,,42,US,893,"BlockApportionment:US.BlockGroups;PointsLayer:US.BlockPoints",2.191,2.576,1,92
894,06,037,103400,06037103400,1034,Census Tract 1034,G5020,S,2500753,0,+34.2548355,-118.3139736,3669560.19922,9221.57262543,A06037103400,103400,,43,US,894,"BlockApportionment:US.BlockGroups;PointsLayer:US.BlockPoints",2.191,2.576,1,69
895,06,037,137302,06037137302,1373.02,Census Tract 1373.02,G5020,S,2446885,0,+34.1773480,-118.6541956,3583978.52344,9243.60405003,A06037137302,137302,,44,US,895,"BlockApportionment:US.BlockGroups;PointsLayer:US.BlockPoints",2.191,2.576,1,87
896,06,037,211000,06037211000,2110,Census Tract 2110,G5020,S,2656761,0,+34.0677859,-118.3317418,3881410.45703,9270.888592,A06037211000,211000,,45,US,896,"BlockApportionment:US.BlockGroups;PointsLayer:US.BlockPoints",2.191,2.576,1,35
897,06,037,127400,06037127400,1274,Census Tract 1274,G5020,S,2157565,24074,+34.2102531,-118.4782103,3197980.48438,9274.7608845,A06037127400,127400,,46,US,897,"BlockApportionment:US.BlockGroups;PointsLayer:US.BlockPoints",2.191,2.576,1,45
898,06,037,262704,06037262704,2627.04,Census Tract 2627.04,G5020,S,1946779,528324,+34.0408050,-118.5419865,3613776.47266,10005.7236019,A06037262704,262704,,47,US,898,"BlockApportionment:US.BlockGroups;PointsLayer:US.BlockPoints",2.191,2.576,1,35
899,06,037,111201,06037111201,1112.01,Census Tract 1112.01,G5020,S,1912806,0,+34.2748338,-118.5101489,2808145.17969,9293.31741022,A06037111201,111201,,48,US,899,"BlockApportionment:US.BlockGroups;PointsLayer:US.BlockPoints",2.191,2.576,1,80
900,06,037,278001,06037278001,2780.01,Census Tract 2780.01,G5020,S,1614008,779,+33.9559664,-118.4022250,2353039.78906,9316.92687894,A06037278001,278001,,49,US,900,"BlockApportionment:US.BlockGroups;PointsLayer:US.BlockPoints",2.191,2.576,1,63
901,06,037,295103,06037295103,2951.03,Census Tract 2951.03,G5020,S,2056812,1202,+33.7616099,-118.2947359,2985380.63281,9373.05824004,A06037295103,295103,,0,US,901,"BlockApportionment:US.BlockGroups;PointsLayer:US.BlockPoints",2.191,2.576,1,91
902,06,037,103101,06037103101,1031.01,Census Tract 1031.01,G5020,S,2029806,0,+34.2732407,-118.3078874,2979791.67969,9383.13607147,A06037103101,103101,,1,US,902,"BlockApportionment:US.BlockGroups;PointsLayer:US.BlockPoints",2.191,2.576,1,80
903,06,037,185100,06037185100,1851,Census Tract 1851,G5020,S,2278050,0,+34.1048825,-118.2103941,3331007.09375,9402.56931696,A06037185100,185100,,2,US,903,"BlockApportionment:US.BlockGroups;PointsLayer:US.BlockPoints",2.191,2.576,1,63
904,06,037,134422,06037134422,1344.22,Census Tract 1344.22,G5020,S,2338226,9988,+34.2024601,-118.6306683,3441552.65234,9417.40841057,A06037134422,134422,,3,US,904,"BlockApportionment:US.BlockGroups;PointsLayer:US.BlockPoints",2.191,2.576,1,84
905,06,037,189300,06037189300,1893,Census Tract 1893,G5020,S,1899967,0,+34.1112674,-118.3093146,2778586.73438,9511.71282599,A06037189300,189300,,4,US,905,"BlockApportionment:US.BlockGroups;PointsLayer:US.BlockPoints",2.191,2.576,1,50
906,06,037,276100,06037276100,2761,Census Tract 2761,G5020,S,984960,0,+33.9759077,-118.3730134,1435903.92578,9520.05899148,A06037276100,276100,,5,US,906,"BlockApportionment:US.BlockGroups;PointsLayer:US.BlockPoints",2.191,2.576,1,56
907,06,037,111204,06037111204,1112.04,Census Tract 1112.04,G5020,S,3294685,16598,+34.2626470,-118.5471995,4859737.41016,9582.18310028,A06037111204,111204,,6,US,907,"BlockApportionment:US.BlockGroups;PointsLayer:US.BlockPoints",2.191,2.576,1,92
908,06,037,188100,06037188100,1881,Census Tract 1881,G5020,S,2097115,16592,+34.1366071,-118.2703438,3092992.75,9594.44125772,A06037188100,188100,,7,US,908,"BlockApportionment:US.BlockGroups;PointsLayer:US.BlockPoints",2.191,2.576,1,45
909,06,037,117302,06037117302,1173.02,Census Tract 1173.02,G5020,S,2051825,0,+34.2381430,-118.4987424,3009626,9682.60267559,A06037117302,117302,,8,US,909,"BlockApportionment:US.BlockGroups;PointsLayer:US.BlockPoints",2.191,2.576,1,83
910,06,037,278102,06037278102,2781.02,Census Tract 2781.02,G5020,S,1678998,1609996,+33.9583368,-118.4523916,4792626.91016,12760.5655164,A06037278102,278102,,9,US,910,"BlockApportionment:US.BlockGroups;PointsLayer:US.BlockPoints",2.191,2.576,1,67
911,06,037,106604,06037106604,1066.04,Census Tract 1066.04,G5020,S,2611563,8851,+34.3033292,-118.4745764,3849639.22656,9724.94156896,A06037106604,106604,,10,US,911,"BlockApportionment:US.BlockGroups;PointsLayer:US.BlockPoints",2.191,2.576,1,57
912,06,037,109100,06037109100,1091,Census Tract 1091,G5020,S,2705905,0,+34.2771624,-118.4631600,3972685.11328,9730.88965868,A06037109100,109100,,11,US,912,"BlockApportionment:US.BlockGroups;PointsLayer:US.BlockPoints",2.191,2.576,1,72
913,06,037,137401,06037137401,1374.01,Census Tract 1374.01,G5020,S,2362814,14784,+34.1590075,-118.6102529,3481001.49609,9732.82954081,A06037137401,137401,,12,US,913,"BlockApportionment:US.BlockGroups;PointsLayer:US.BlockPoints",2.191,2.576,1,75
914,06,037,115101,06037115101,1151.01,Census Tract 1151.01,G5020,S,3882376,0,+34.2394391,-118.5112305,5694854.84766,9751.34072089,A06037115101,115101,,13,US,914,"BlockApportionment:US.BlockGroups;PointsLayer:US.BlockPoints",2.191,2.576,1,85
915,06,037,139301,06037139301,1393.01,Census Tract 1393.01,G5020,S,2865657,0,+34.1781538,-118.5581265,4197422.62891,9918.89222899,A06037139301,139301,,14,US,915,"BlockApportionment:US.BlockGroups;PointsLayer:US.BlockPoints",2.191,2.576,1,64
916,06,037,980033,06037980033,9800.33,Census Tract 9800.33,G5020,S,12666626,16036672,+33.7443155,-118.2203101,41622962.082,35296.1379739,A06037980033,980033,,15,US,916,"BlockApportionment:US.BlockGroups;PointsLayer:US.BlockPoints",2.191,2.576,0,0
917,06,037,104124,06037104124,1041.24,Census Tract 1041.24,G5020,S,4479385,980,+34.2900933,-118.3741930,6579433.10547,14622.376357,A06037104124,104124,,16,US,917,"BlockApportionment:US.BlockGroups;PointsLayer:US.BlockPoints",2.191,2.576,1,78
918,06,037,102104,06037102104,1021.04,Census Tract 1021.04,G5020,S,1658544,0,+34.2161873,-118.3453981,2431503.15234,10170.017112,A06037102104,102104,,17,US,918,"BlockApportionment:US.BlockGroups;PointsLayer:US.BlockPoints",2.191,2.576,1,63
919,06,037,139801,06037139801,1398.01,Census Tract 1398.01,G5020,S,3665744,0,+34.1527206,-118.5455805,5366146.07031,10214.5292425,A06037139801,139801,,18,US,919,"BlockApportionment:US.BlockGroups;PointsLayer:US.BlockPoints",2.191,2.576,1,65
920,06,037,139402,06037139402,1394.02,Census Tract 1394.02,G5020,S,2443892,0,+34.1677649,-118.5517782,3578783.00781,10539.6099146,A06037139402,139402,,19,US,920,"BlockApportionment:US.BlockGroups;PointsLayer:US.BlockPoints",2.191,2.576,1,51
921,06,037,106111,06037106111,1061.11,Census Tract 1061.11,G5020,S,3813566,12394,+34.3213672,-118.4075050,5622936.43359,13111.4150644,A06037106111,106111,,20,US,921,"BlockApportionment:US.BlockGroups;PointsLayer:US.BlockPoints",2.191,2.576,1,94
922,06,037,262303,06037262303,2623.03,Census Tract 2623.03,G5020,S,2614304,0,+34.0660696,-118.4868492,3819228.6875,10774.0055558,A06037262303,262303,,21,US,922,"BlockApportionment:US.BlockGroups;PointsLayer:US.BlockPoints",2.191,2.576,1,49
923,06,037,189400,06037189400,1894,Census Tract 1894,G5020,S,1446823,0,+34.1200812,-118.3211428,2116331.02734,10780.1143851,A06037189400,189400,,22,US,923,"BlockApportionment:US.BlockGroups;PointsLayer:US.BlockPoints",2.191,2.576,1,61
924,06,037,101300,06037101300,1013,Census Tract 1013,G5020,S,2581214,0,+34.2487733,-118.2709978,3787080.54688,10859.4925354,A06037101300,101300,,23,US,924,"BlockApportionment:US.BlockGroups;PointsLayer:US.BlockPoints",2.191,2.576,1,70
925,06,037,194200,06037194200,1942,Census Tract 1942,G5020,S,2603215,0,+34.1035086,-118.3749964,3806358.70703,10893.1149052,A06037194200,194200,,24,US,925,"BlockApportionment:US.BlockGroups;PointsLayer:US.BlockPoints",2.191,2.576,1,45
926,06,037,275602,06037275602,2756.02,Census Tract 2756.02,G5020,S,2516501,70158,+33.9770503,-118.4173136,3770979.9375,10405.9948797,A06037275602,275602,,25,US,926,"BlockApportionment:US.BlockGroups;PointsLayer:US.BlockPoints",2.191,2.576,1,63
927,06,037,106645,06037106645,1066.45,Census Tract 1066.45,G5020,S,2527932,0,+34.2905628,-118.4941725,3712567.93359,11169.1680692,A06037106645,106645,,26,US,927,"BlockApportionment:US.BlockGroups;PointsLayer:US.BlockPoints",2.191,2.576,1,76
928,06,037,108201,06037108201,1082.01,Census Tract 1082.01,G5020,S,2805095,0,+34.2868634,-118.5642340,4119253.30859,11247.3128615,A06037108201,108201,,27,US,928,"BlockApportionment:US.BlockGroups;PointsLayer:US.BlockPoints",2.191,2.576,1,86
929,06,037,122000,06037122000,1220,Census Tract 1220,G5020,S,2984176,278728,+34.2147689,-118.4183782,4783404.91406,11267.5117352,A06037122000,122000,,28,US,929,"BlockApportionment:US.BlockGroups;PointsLayer:US.BlockPoints",2.191,2.576,1,62
930,06,037,113231,06037113231,1132.31,Census Tract 1132.31,G5020,S,4121024,18102,+34.2266028,-118.6502378,6069648.875,15809.1524927,A06037113231,113231,,29,US,930,"BlockApportionment:US.BlockGroups;PointsLayer:US.BlockPoints",2.191,2.576,1,75
931,06,037,104204,06037104204,1042.04,Census Tract 1042.04,G5020,S,2664512,3735,+34.2912875,-118.3931176,3918515.23828,11187.9707502,A06037104204,104204,,30,US,931,"BlockApportionment:US.BlockGroups;PointsLayer:US.BlockPoints",2.191,2.576,1,82
932,06,037,137402,06037137402,1374.02,Census Tract 1374.02,G5020,S,3082254,0,+34.1554647,-118.6249524,4512294.71484,11385.8406475,A06037137402,137402,,31,US,932,"BlockApportionment:US.BlockGroups;PointsLayer:US.BlockPoints",2.191,2.576,1,64
933,06,037,113303,06037113303,1133.03,Census Tract 1133.03,G5020,S,4088551,7269,+34.2436235,-118.5775956,6008574.35547,11459.3422741,A06037113303,113303,,32,US,933,"BlockApportionment:US.BlockGroups;PointsLayer:US.BlockPoints",2.191,2.576,1,86
934,06,037,291300,06037291300,2913,Census Tract 2913,G5020,S,2353751,45836,+33.8641805,-118.2951289,3489167.17969,11553.402396,A06037291300,291300,,33,US,934,"BlockApportionment:US.BlockGroups;PointsLayer:US.BlockPoints",2.191,2.576,1,83
935,06,037,700600,06037700600,7006,Census Tract 7006,G5020,S,5681919,2279,+34.0892642,-118.4021007,8308702.55469,17399.6175636,A06037700600,700600,,34,US,935,"BlockApportionment:US.BlockGroups;PointsLayer:US.BlockPoints",2.191,2.576,0,0
936,06,037,199300,06037199300,1993,Census Tract 1993,G5020,S,2550544,40785,+34.0941911,-118.2003961,3788012.625,11658.1205553,A06037199300,199300,,35,US,936,"BlockApportionment:US.BlockGroups;PointsLayer:US.BlockPoints",2.191,2.576,1,57
937,06,037,101122,06037101122,1011.22,Census Tract 1011.22,G5020,S,2644045,0,+34.2677213,-118.2901465,3881000.53906,11695.3046508,A06037101122,101122,,36,US,937,"BlockApportionment:US.BlockGroups;PointsLayer:US.BlockPoints",2.191,2.576,1,75
938,06,037,141700,06037141700,1417,Census Tract 1417,G5020,S,3244103,0,+34.1379864,-118.4376485,4747283.74609,11798.0469673,A06037141700,141700,,37,US,938,"BlockApportionment:US.BlockGroups;PointsLayer:US.BlockPoints",2.191,2.576,1,57
939,06,037,702901,06037702901,7029.01,Census Tract 7029.01,G5020,S,2221335,1546421,+33.9764323,-118.4553609,5492878.55859,9571.07527283,A06037702901,702901,,38,US,939,"BlockApportionment:US.BlockGroups;PointsLayer:US.BlockPoints",2.191,2.576,0,0
940,06,037,137000,06037137000,1370,Census Tract 1370,G5020,S,3005793,4374,+34.1661153,-118.6402345,4407975.24609,12068.4028429,A06037137000,137000,,39,US,940,"BlockApportionment:US.BlockGroups;PointsLayer:US.BlockPoints",2.191,2.576,1,81
941,06,037,106643,06037106643,1066.43,Census Tract 1066.43,G5020,S,4338941,0,+34.2894657,-118.5220352,6372077.16406,12117.3277565,A06037106643,106643,,40,US,941,"BlockApportionment:US.BlockGroups;PointsLayer:US.BlockPoints",2.191,2.576,1,77
942,06,037,139701,06037139701,1397.01,Census Tract 1397.01,G5020,S,3396396,2411,+34.1574290,-118.4954117,4975925.94531,12154.9864723,A06037139701,139701,,41,US,942,"BlockApportionment:US.BlockGroups;PointsLayer:US.BlockPoints",2.191,2.576,1,66
943,06,037,702803,06037702803,7028.03,Census Tract 7028.03,G5020,S,847103,224,+33.9954427,-118.4325909,1235821.16016,10096.8632661,A06037702803,702803,,42,US,943,"BlockApportionment:US.BlockGroups;PointsLayer:US.BlockPoints",2.191,2.576,0,0
944,06,037,980008,06037980008,9800.08,Census Tract 9800.08,G5020,S,3369326,0,+34.2106317,-118.4906762,4938943,12490.8582799,A06037980008,980008,,43,US,944,"BlockApportionment:US.BlockGroups;PointsLayer:US.BlockPoints",2.191,2.576,1,0
945,06,037,194101,06037194101,1941.01,Census Tract 1941.01,G5020,S,2542754,0,+34.1114184,-118.3530199,3718641.47266,12497.0517231,A06037194101,194101,,44,US,945,"BlockApportionment:US.BlockGroups;PointsLayer:US.BlockPoints",2.191,2.576,1,26
946,06,037,143902,06037143902,1439.02,Census Tract 1439.02,G5020,S,2522502,4486,+34.1358007,-118.4214241,3697795.82422,12625.4923475,A06037143902,143902,,45,US,946,"BlockApportionment:US.BlockGroups;PointsLayer:US.BlockPoints",2.191,2.576,1,40
947,06,037,194300,06037194300,1943,Census Tract 1943,G5020,S,2471099,0,+34.1016706,-118.3875192,3613025.88672,13014.6676011,A06037194300,194300,,46,US,947,"BlockApportionment:US.BlockGroups;PointsLayer:US.BlockPoints",2.191,2.576,1,49
948,06,037,262601,06037262601,2626.01,Census Tract 2626.01,G5020,S,3620351,0,+34.0738344,-118.5557893,5289912.51562,13057.9515225,A06037262601,262601,,47,US,948,"BlockApportionment:US.BlockGroups;PointsLayer:US.BlockPoints",2.191,2.576,1,49
949,06,037,980015,06037980015,9800.15,Census Tract 9800.15,G5020,S,5188935,220674,+33.7732472,-118.2888391,7849842.62891,13149.7442752,A06037980015,980015,,48,US,949,"BlockApportionment:US.BlockGroups;PointsLayer:US.BlockPoints",2.191,2.576,1,0
950,06,037,980002,06037980002,9800.02,Census Tract 9800.02,G5020,S,6773893,208610,+33.8104081,-118.2386708,10140166.6562,13919.0424301,A06037980002,980002,,49,US,950,"BlockApportionment:US.BlockGroups;PointsLayer:US.BlockPoints",2.191,2.576,0,0
951,06,037,108202,06037108202,1082.02,Census Tract 1082.02,G5020,S,5996874,3024,+34.2840695,-118.5812548,8810796.12891,13459.0136204,A06037108202,108202,,0,US,951,"BlockApportionment:US.BlockGroups;PointsLayer:US.BlockPoints",2.191,2.576,1,71
952,06,037,143800,06037143800,1438,Census Tract 1438,G5020,S,2606927,0,+34.1355558,-118.3805968,3814643.71094,13356.4926803,A06037143800,143800,,1,US,952,"BlockApportionment:US.BlockGroups;PointsLayer:US.BlockPoints",2.191,2.576,1,61
953,06,037,113237,06037113237,1132.37,Census Tract 1132.37,G5020,S,4736213,11048,+34.2451986,-118.6126947,6964293.48438,13460.0152495,A06037113237,113237,,2,US,953,"BlockApportionment:US.BlockGroups;PointsLayer:US.BlockPoints",2.191,2.576,1,59
954,06,037,980010,06037980010,9800.10,Census Tract 9800.10,G5020,S,3757605,76091,+34.0786807,-118.2395140,5602460.07812,13484.450431,A06037980010,980010,,3,US,954,"BlockApportionment:US.BlockGroups;PointsLayer:US.BlockPoints",2.191,2.576,1,0
955,06,037,108103,06037108103,1081.03,Census Tract 1081.03,G5020,S,2564931,0,+34.2864260,-118.5399996,3766537.16406,13531.7962934,A06037108103,108103,,4,US,955,"BlockApportionment:US.BlockGroups;PointsLayer:US.BlockPoints",2.191,2.576,1,84
956,06,037,206031,06037206031,2060.31,Census Tract 2060.31,G5020,S,4592040,138116,+34.0320283,-118.2331623,6904706.25391,13649.0072486,A06037206031,206031,,5,US,956,"BlockApportionment:US.BlockGroups;PointsLayer:US.BlockPoints",2.191,2.576,1,64
957,06,037,106510,06037106510,1065.10,Census Tract 1065.10,G5020,S,5708883,8398,+34.3264211,-118.4796437,8403029.32422,13711.3779056,A06037106510,106510,,6,US,957,"BlockApportionment:US.BlockGroups;PointsLayer:US.BlockPoints",2.191,2.576,1,78
958,06,037,141600,06037141600,1416,Census Tract 1416,G5020,S,3848936,0,+34.1389115,-118.4610502,5632489.69141,13749.4336504,A06037141600,141600,,7,US,958,"BlockApportionment:US.BlockGroups;PointsLayer:US.BlockPoints",2.191,2.576,1,68
959,06,037,103300,06037103300,1033,Census Tract 1033,G5020,S,6141955,0,+34.2573786,-118.3554785,9013127.59375,13780.554817,A06037103300,103300,,8,US,959,"BlockApportionment:US.BlockGroups;PointsLayer:US.BlockPoints",2.191,2.576,1,73
960,06,037,143700,06037143700,1437,Census Tract 1437,G5020,S,3283100,0,+34.1289685,-118.3568111,4803334.44141,13795.869805,A06037143700,143700,,9,US,960,"BlockApportionment:US.BlockGroups;PointsLayer:US.BlockPoints",2.191,2.576,1,55
961,06,037,121102,06037121102,1211.02,Census Tract 1211.02,G5020,S,7463001,76989,+34.2375217,-118.3842733,11060778.9297,13896.8740321,A06037121102,121102,,10,US,961,"BlockApportionment:US.BlockGroups;PointsLayer:US.BlockPoints",2.191,2.576,1,50
962,06,037,181000,06037181000,1810,Census Tract 1810,G5020,S,4107041,30513,+34.1452670,-118.2043861,6055574.96484,13931.1590949,A06037181000,181000,,11,US,962,"BlockApportionment:US.BlockGroups;PointsLayer:US.BlockPoints",2.191,2.576,1,79
963,06,037,113211,06037113211,1132.11,Census Tract 1132.11,G5020,S,7280769,3053,+34.2675047,-118.6227776,10690972.3867,13997.0625046,A06037113211,113211,,12,US,963,"BlockApportionment:US.BlockGroups;PointsLayer:US.BlockPoints",2.191,2.576,1,67
964,06,037,194102,06037194102,1941.02,Census Tract 1941.02,G5020,S,3500521,3009,+34.1166590,-118.3650891,5124376.5625,14117.5008998,A06037194102,194102,,13,US,964,"BlockApportionment:US.BlockGroups;PointsLayer:US.BlockPoints",2.191,2.576,1,37
965,06,037,187102,06037187102,1871.02,Census Tract 1871.02,G5020,S,1954146,236563,+34.1090483,-118.2514556,3203210.50391,14151.6630835,A06037187102,187102,,14,US,965,"BlockApportionment:US.BlockGroups;PointsLayer:US.BlockPoints",2.191,2.576,1,39
966,06,037,930101,06037930101,9301.01,Census Tract 9301.01,G5020,S,155751511,2366,+34.2564810,-118.1390988,228445124.07,129836.574293,A06037930101,930101,,15,US,966,"BlockApportionment:US.BlockGroups;PointsLayer:US.BlockPoints",2.191,2.576,0,0
967,06,037,262802,06037262802,2628.02,Census Tract 2628.02,G5020,S,3327356,83103,+34.0458645,-118.5024565,4979541.81641,14903.0508081,A06037262802,262802,,16,US,967,"BlockApportionment:US.BlockGroups;PointsLayer:US.BlockPoints",2.191,2.576,1,49
968,06,037,189701,06037189701,1897.01,Census Tract 1897.01,G5020,S,3985566,360118,+34.1319418,-118.3345237,6357967.33203,14399.8795024,A06037189701,189701,,17,US,968,"BlockApportionment:US.BlockGroups;PointsLayer:US.BlockPoints",2.191,2.576,1,35
969,06,037,980023,06037980023,9800.23,Census Tract 9800.23,G5020,S,2863946,2355864,+34.2367861,-118.6324389,7655383.13672,14708.4135089,A06037980023,980023,,18,US,969,"BlockApportionment:US.BlockGroups;PointsLayer:US.BlockPoints",2.191,2.576,1,0
970,06,037,980022,06037980022,9800.22,Census Tract 9800.22,G5020,S,5391718,885969,+34.3040449,-118.4807217,9221398.44922,15013.2816692,A06037980022,980022,,19,US,970,"BlockApportionment:US.BlockGroups;PointsLayer:US.BlockPoints",2.191,2.576,1,0
971,06,037,292000,06037292000,2920,Census Tract 2920,G5020,S,4000998,1856,+33.8468919,-118.3019771,5818370.25,11771.9119385,A06037292000,292000,,20,US,971,"BlockApportionment:US.BlockGroups;PointsLayer:US.BlockPoints",2.191,2.576,1,42
972,06,037,701100,06037701100,7011,Census Tract 7011,G5020,S,2530604,0,+34.0575853,-118.4570059,3696214.92188,10408.3276013,A06037701100,701100,,21,US,972,"BlockApportionment:US.BlockGroups;PointsLayer:US.BlockPoints",2.191,2.576,0,0
973,06,037,139703,06037139703,1397.03,Census Tract 1397.03,G5020,S,4728894,0,+34.1445790,-118.5320785,6921130.82422,15267.2129842,A06037139703,139703,,22,US,973,"BlockApportionment:US.BlockGroups;PointsLayer:US.BlockPoints",2.191,2.576,1,46
974,06,037,143901,06037143901,1439.01,Census Tract 1439.01,G5020,S,5281923,11638,+34.1321312,-118.4000525,7745376.55469,15503.9300123,A06037143901,143901,,23,US,974,"BlockApportionment:US.BlockGroups;PointsLayer:US.BlockPoints",2.191,2.576,1,54
975,06,037,135203,06037135203,1352.03,Census Tract 1352.03,G5020,S,4501434,0,+34.1918593,-118.6570808,6595539.51172,12332.4815636,A06037135203,135203,,24,US,975,"BlockApportionment:US.BlockGroups;PointsLayer:US.BlockPoints",2.191,2.576,1,93
976,06,037,101400,06037101400,1014,Census Tract 1014,G5020,S,6310056,0,+34.2428521,-118.2941612,9256640.50781,15739.5939811,A06037101400,101400,,25,US,976,"BlockApportionment:US.BlockGroups;PointsLayer:US.BlockPoints",2.191,2.576,1,64
977,06,037,980024,06037980024,9800.24,Census Tract 9800.24,G5020,S,7998841,288250,+34.1803242,-118.4883751,12137988.7969,17050.6759564,A06037980024,980024,,26,US,977,"BlockApportionment:US.BlockGroups;PointsLayer:US.BlockPoints",2.191,2.576,1,88
978,06,037,139802,06037139802,1398.02,Census Tract 1398.02,G5020,S,6077237,0,+34.1428640,-118.5563556,8894181.83203,17299.1348244,A06037139802,139802,,27,US,978,"BlockApportionment:US.BlockGroups;PointsLayer:US.BlockPoints",2.191,2.576,1,67
979,06,037,103200,06037103200,1032,Census Tract 1032,G5020,S,7414593,0,+34.2733525,-118.3402264,10884758.1172,19468.2515335,A06037103200,103200,,28,US,979,"BlockApportionment:US.BlockGroups;PointsLayer:US.BlockPoints",2.191,2.576,1,70
980,06,037,106112,06037106112,1061.12,Census Tract 1061.12,G5020,S,3222752,0,+34.3054910,-118.4124422,4734652.05859,18480.9742653,A06037106112,106112,,29,US,980,"BlockApportionment:US.BlockGroups;PointsLayer:US.BlockPoints",2.191,2.576,1,80
981,06,037,980021,06037980021,9800.21,Census Tract 9800.21,G5020,S,6879980,65862,+34.2700470,-118.3813338,10195022.3164,18963.3197683,A06037980021,980021,,30,US,981,"BlockApportionment:US.BlockGroups;PointsLayer:US.BlockPoints",2.191,2.576,1,0
982,06,037,262200,06037262200,2622,Census Tract 2622,G5020,S,8568505,0,+34.1017341,-118.4698062,12528139.0898,19270.8349415,A06037262200,262200,,31,US,982,"BlockApportionment:US.BlockGroups;PointsLayer:US.BlockPoints",2.191,2.576,1,49
983,06,037,262604,06037262604,2626.04,Census Tract 2626.04,G5020,S,5670209,335774,+34.0518499,-118.5493541,8771089.30859,20091.3274343,A06037262604,262604,,32,US,983,"BlockApportionment:US.BlockGroups;PointsLayer:US.BlockPoints",2.191,2.576,1,49
984,06,037,261102,06037261102,2611.02,Census Tract 2611.02,G5020,S,7952601,0,+34.1131995,-118.4248436,11630740.25,20985.6926914,A06037261102,261102,,33,US,984,"BlockApportionment:US.BlockGroups;PointsLayer:US.BlockPoints",2.191,2.576,1,49
985,06,037,800102,06037800102,8001.02,Census Tract 8001.02,G5020,S,52696961,14552,+34.0890371,-118.6226800,77070144.4688,57623.9869463,A06037800102,800102,,34,US,985,"BlockApportionment:US.BlockGroups;PointsLayer:US.BlockPoints",2.191,2.576,0,0
986,06,037,920303,06037920303,9203.03,Census Tract 9203.03,G5020,S,51543695,11077,+34.3160081,-118.6106718,75756318.457,50703.7830034,A06037920303,920303,,35,US,986,"BlockApportionment:US.BlockGroups;PointsLayer:US.BlockPoints",2.191,2.576,1,0
987,06,037,980020,06037980020,9800.20,Census Tract 9800.20,G5020,S,8532139,0,+34.2266886,-118.3034056,12511610.5078,22316.6236029,A06037980020,980020,,36,US,987,"BlockApportionment:US.BlockGroups;PointsLayer:US.BlockPoints",2.191,2.576,1,0
988,06,037,102107,06037102107,1021.07,Census Tract 1021.07,G5020,S,12908558,13753,+34.2409052,-118.3395988,18955558.793,23492.9509311,A06037102107,102107,,37,US,988,"BlockApportionment:US.BlockGroups;PointsLayer:US.BlockPoints",2.191,2.576,1,67
989,06,037,139702,06037139702,1397.02,Census Tract 1397.02,G5020,S,8849169,545563,+34.1365757,-118.5094499,13748768.332,24202.5375528,A06037139702,139702,,38,US,989,"BlockApportionment:US.BlockGroups;PointsLayer:US.BlockPoints",2.191,2.576,1,66
990,06,037,261101,06037261101,2611.01,Census Tract 2611.01,G5020,S,6527016,151199,+34.1161075,-118.4011401,9766823.63281,23572.4402502,A06037261101,261101,,39,US,990,"BlockApportionment:US.BlockGroups;PointsLayer:US.BlockPoints",2.191,2.576,1,49
991,06,037,262100,06037262100,2621,Census Tract 2621,G5020,S,8744712,27033,+34.1080230,-118.4569641,12823488.3438,25936.8102632,A06037262100,262100,,40,US,991,"BlockApportionment:US.BlockGroups;PointsLayer:US.BlockPoints",2.191,2.576,1,49
992,06,037,262301,06037262301,2623.01,Census Tract 2623.01,G5020,S,13055740,1359,+34.0925404,-118.4910639,19091957.9102,27479.6590544,A06037262301,262301,,41,US,992,"BlockApportionment:US.BlockGroups;PointsLayer:US.BlockPoints",2.191,2.576,1,49
993,06,037,262400,06037262400,2624,Census Tract 2624,G5020,S,11268733,0,+34.0918093,-118.5086270,16472348.2188,27700.9193847,A06037262400,262400,,42,US,993,"BlockApportionment:US.BlockGroups;PointsLayer:US.BlockPoints",2.191,2.576,1,49
994,06,037,980009,06037980009,9800.09,Census Tract 9800.09,G5020,S,20912226,356889,+34.1276072,-118.2963873,31123853.9336,29917.2992911,A06037980009,980009,,43,US,994,"BlockApportionment:US.BlockGroups;PointsLayer:US.BlockPoints",2.191,2.576,1,0
995,06,037,980028,06037980028,9800.28,Census Tract 9800.28,G5020,S,17299723,2367417,+33.9423871,-118.4160617,28647346.0938,31554.7481041,A06037980028,980028,,44,US,995,"BlockApportionment:US.BlockGroups;PointsLayer:US.BlockPoints",2.191,2.576,1,0
996,06,037,980014,06037980014,9800.14,Census Tract 9800.14,G5020,S,6478629,973260,+33.7824778,-118.2384201,10814887.625,25070.9325736,A06037980014,980014,,45,US,996,"BlockApportionment:US.BlockGroups;PointsLayer:US.BlockPoints",2.191,2.576,1,0
997,06,037,980026,06037980026,9800.26,Census Tract 9800.26,G5020,S,13865627,35273,+34.2734804,-118.2633014,20407719.4414,37925.0725099,A06037980026,980026,,46,US,997,"BlockApportionment:US.BlockGroups;PointsLayer:US.BlockPoints",2.191,2.576,1,0
998,06,037,930200,06037930200,9302,Census Tract 9302,G5020,S,304569513,679636,+34.3387926,-118.2894308,448827021.746,169892.512528,A06037930200,930200,,47,US,998,"BlockApportionment:US.BlockGroups;PointsLayer:US.BlockPoints",2.191,2.576,1,0
999,06,037,980019,06037980019,9800.19,Census Tract 9800.19,G5020,S,44210349,31076,+34.0925672,-118.5343628,64670248.7578,57421.2991881,A06037980019,980019,,48,US,999,"BlockApportionment:US.BlockGroups;PointsLayer:US.BlockPoints",2.191,2.576,1,0
1000,06,037,980031,06037980031,9800.31,Census Tract 9800.31,G5020,S,12641938,13284889,+33.7390903,-118.2585391,37586569.4375,30306.4755656,A06037980031,980031,,49,US,1000,"BlockApportionment:US.BlockGroups;PointsLayer:US.BlockPoints",2.191,2.576,1,21
1001,06,037,463900,06037463900,4639,Census Tract 4639,G5020,S,1873331,8647,+34.1292208,-118.1565380,2753483.70312,7117.63024952,A06037463900,463900,,0,US,1001,"BlockApportionment:US.BlockGroups;PointsLayer:US.BlockPoints",2.191,2.576,0,0
1002,06,037,480804,06037480804,4808.04,Census Tract 4808.04,G5020,S,838408,0,+34.0957577,-118.1472584,1225674.24609,5536.41446556,A06037480804,480804,,1,US,1002,"BlockApportionment:US.BlockGroups;PointsLayer:US.BlockPoints",2.191,2.576,0,0
1003,06,037,311801,06037311801,3118.01,Census Tract 3118.01,G5020,S,598159,6692,+34.1659449,-118.3059263,885695.816406,4456.19630236,A06037311801,311801,,2,US,1003,"BlockApportionment:US.BlockGroups;PointsLayer:US.BlockPoints",2.191,2.576,0,0
1004,06,037,480803,06037480803,4808.03,Census Tract 4808.03,G5020,S,1091607,0,+34.0909207,-118.1536066,1595657.53906,5260.82949214,A06037480803,480803,,3,US,1004,"BlockApportionment:US.BlockGroups;PointsLayer:US.BlockPoints",2.191,2.576,0,0
1005,06,037,601502,06037601502,6015.02,Census Tract 6015.02,G5020,S,490798,0,+33.9400822,-118.3635824,714900.238281,4232.04566872,A06037601502,601502,,4,US,1005,"BlockApportionment:US.BlockGroups;PointsLayer:US.BlockPoints",2.191,2.576,0,0
1006,06,037,532302,06037532302,5323.02,Census Tract 5323.02,G5020,S,3298158,441,+34.0096885,-118.1751711,4812549.65625,11605.3179967,A06037532302,532302,,5,US,1006,"BlockApportionment:US.BlockGroups;PointsLayer:US.BlockPoints",2.191,2.576,0,0
1007,06,037,531301,06037531301,5313.01,Census Tract 5313.01,G5020,S,792709,0,+34.0217432,-118.1822337,1156865.61328,5615.69000949,A06037531301,531301,,6,US,1007,"BlockApportionment:US.BlockGroups;PointsLayer:US.BlockPoints",2.191,2.576,0,0
1008,06,037,530801,06037530801,5308.01,Census Tract 5308.01,G5020,S,769112,0,+34.0508765,-118.1883898,1123191.59375,5343.63908194,A06037530801,530801,,7,US,1008,"BlockApportionment:US.BlockGroups;PointsLayer:US.BlockPoints",2.191,2.576,0,0
1009,06,037,482001,06037482001,4820.01,Census Tract 4820.01,G5020,S,2923750,24958,+34.0529634,-118.1585861,4306663.03906,9428.00437108,A06037482001,482001,,8,US,1009,"BlockApportionment:US.BlockGroups;PointsLayer:US.BlockPoints",2.191,2.576,0,0
1010,06,037,481901,06037481901,4819.01,Census Tract 4819.01,G5020,S,1833957,0,+34.0710196,-118.1550450,2679530.93359,7267.64976728,A06037481901,481901,,9,US,1010,"BlockApportionment:US.BlockGroups;PointsLayer:US.BlockPoints",2.191,2.576,0,0
1011,06,037,601600,06037601600,6016,Census Tract 6016,G5020,S,912444,0,+33.9348000,-118.3638535,1328909.98047,4730.13110551,A06037601600,601600,,10,US,1011,"BlockApportionment:US.BlockGroups;PointsLayer:US.BlockPoints",2.191,2.576,0,0
1012,06,037,531201,06037531201,5312.01,Census Tract 5312.01,G5020,S,555365,0,+34.0297371,-118.1860676,810637.835938,4100.72901798,A06037531201,531201,,11,US,1012,"BlockApportionment:US.BlockGroups;PointsLayer:US.BlockPoints",2.191,2.576,0,0
1013,06,037,702202,06037702202,7022.02,Census Tract 7022.02,G5020,S,1013380,0,+34.0081597,-118.4672218,1478436.93359,5092.34115897,A06037702202,702202,,12,US,1013,"BlockApportionment:US.BlockGroups;PointsLayer:US.BlockPoints",2.191,2.576,0,0
1014,06,037,530901,06037530901,5309.01,Census Tract 5309.01,G5020,S,444140,0,+34.0432749,-118.1886037,648497.753906,3226.18139403,A06037530901,530901,,13,US,1014,"BlockApportionment:US.BlockGroups;PointsLayer:US.BlockPoints",2.191,2.576,0,0
1015,06,037,602200,06037602200,6022,Census Tract 6022,G5020,S,2109294,960,+33.9219201,-118.3698319,3072627.20312,8716.36991166,A06037602200,602200,,14,US,1015,"BlockApportionment:US.BlockGroups;PointsLayer:US.BlockPoints",2.191,2.576,0,0
1016,06,037,212420,06037212420,2124.20,Census Tract 2124.20,G5020,S,143454,0,+34.0560876,-118.3019777,209522.875,1825.60815295,A06037212420,212420,,15,US,1016,"BlockApportionment:US.BlockGroups;PointsLayer:US.BlockPoints",2.191,2.576,1,26
1017,06,037,532800,06037532800,5328,Census Tract 5328,G5020,S,551035,0,+33.9864059,-118.2520926,803507.925781,3694.54516791,A06037532800,532800,,16,US,1017,"BlockApportionment:US.BlockGroups;PointsLayer:US.BlockPoints",2.191,2.576,0,0
1018,06,037,212306,06037212306,2123.06,Census Tract 2123.06,G5020,S,161921,0,+34.0561280,-118.2940727,236495.570312,1958.05216573,A06037212306,212306,,17,US,1018,"BlockApportionment:US.BlockGroups;PointsLayer:US.BlockPoints",2.191,2.576,1,43
1019,06,037,221820,06037221820,2218.20,Census Tract 2218.20,G5020,S,204263,0,+34.0304526,-118.2864985,298158.820312,2150.82189427,A06037221820,221820,,18,US,1019,"BlockApportionment:US.BlockGroups;PointsLayer:US.BlockPoints",2.191,2.576,1,0
1020,06,037,212304,06037212304,2123.04,Census Tract 2123.04,G5020,S,205676,0,+34.0598538,-118.2979144,300427.089844,2322.43515553,A06037212304,212304,,19,US,1020,"BlockApportionment:US.BlockGroups;PointsLayer:US.BlockPoints",2.191,2.576,1,0
1021,06,037,226410,06037226410,2264.10,Census Tract 2264.10,G5020,S,282483,0,+34.0241996,-118.2622815,412275.539062,2623.75721603,A06037226410,226410,,20,US,1021,"BlockApportionment:US.BlockGroups;PointsLayer:US.BlockPoints",2.191,2.576,1,57
1022,06,037,192520,06037192520,1925.20,Census Tract 1925.20,G5020,S,307803,0,+34.0799255,-118.3024972,449815.191406,2878.87396703,A06037192520,192520,,21,US,1022,"BlockApportionment:US.BlockGroups;PointsLayer:US.BlockPoints",2.191,2.576,1,36
1023,06,037,228420,06037228420,2284.20,Census Tract 2284.20,G5020,S,277392,0,+34.0082598,-118.2718914,404693.132812,2917.9736046,A06037228420,228420,,22,US,1023,"BlockApportionment:US.BlockGroups;PointsLayer:US.BlockPoints",2.191,2.576,1,42
1024,06,037,231210,06037231210,2312.10,Census Tract 2312.10,G5020,S,320681,0,+34.0145285,-118.2980282,467916.417969,2919.28095345,A06037231210,231210,,23,US,1024,"BlockApportionment:US.BlockGroups;PointsLayer:US.BlockPoints",2.191,2.576,1,35
1025,06,037,231710,06037231710,2317.10,Census Tract 2317.10,G5020,S,323785,0,+34.0073136,-118.2893576,472367.4375,2925.94677346,A06037231710,231710,,24,US,1025,"BlockApportionment:US.BlockGroups;PointsLayer:US.BlockPoints",2.191,2.576,1,41
1026,06,037,192510,06037192510,1925.10,Census Tract 1925.10,G5020,S,340750,0,+34.0798690,-118.3068568,497960.433594,2993.23407505,A06037192510,192510,,25,US,1026,"BlockApportionment:US.BlockGroups;PointsLayer:US.BlockPoints",2.191,2.576,1,37
1027,06,037,265510,06037265510,2655.10,Census Tract 2655.10,G5020,S,383468,0,+34.0564831,-118.4426278,560083.230469,3055.20761987,A06037265510,265510,,26,US,1027,"BlockApportionment:US.BlockGroups;PointsLayer:US.BlockPoints",2.191,2.576,1,51
1028,06,037,195720,06037195720,1957.20,Census Tract 1957.20,G5020,S,288980,0,+34.0737571,-118.2633774,422246.75,3077.06147881,A06037195720,195720,,27,US,1028,"BlockApportionment:US.BlockGroups;PointsLayer:US.BlockPoints",2.191,2.576,1,36
1029,06,037,530700,06037530700,5307,Census Tract 5307,G5020,S,1057568,0,+34.0592132,-118.1839770,1544749.44531,6579.99167797,A06037530700,530700,,28,US,1029,"BlockApportionment:US.BlockGroups;PointsLayer:US.BlockPoints",2.191,2.576,0,0
1030,06,037,224320,06037224320,2243.20,Census Tract 2243.20,G5020,S,290770,0,+34.0415850,-118.2808542,424544.714844,3112.34077322,A06037224320,224320,,29,US,1030,"BlockApportionment:US.BlockGroups;PointsLayer:US.BlockPoints",2.191,2.576,1,67
1031,06,037,224200,06037224200,2242,Census Tract 2242,G5020,S,368196,0,+34.0406213,-118.2767182,537575.972656,3183.26260328,A06037224200,224200,,30,US,1031,"BlockApportionment:US.BlockGroups;PointsLayer:US.BlockPoints",2.191,2.576,1,63
1032,06,037,264301,06037264301,2643.01,Census Tract 2643.01,G5020,S,420166,0,+34.0509978,-118.4642912,613600.367188,3205.76350041,A06037264301,264301,,31,US,1032,"BlockApportionment:US.BlockGroups;PointsLayer:US.BlockPoints",2.191,2.576,1,48
1033,06,037,232800,06037232800,2328,Census Tract 2328,G5020,S,426644,0,+33.9923979,-118.2771883,622212.402344,3209.28540226,A06037232800,232800,,32,US,1033,"BlockApportionment:US.BlockGroups;PointsLayer:US.BlockPoints",2.191,2.576,1,38
1034,06,037,232110,06037232110,2321.10,Census Tract 2321.10,G5020,S,380033,0,+33.9994947,-118.2893178,554324.835938,3237.88449123,A06037232110,232110,,33,US,1034,"BlockApportionment:US.BlockGroups;PointsLayer:US.BlockPoints",2.191,2.576,1,33
1035,06,037,229200,06037229200,2292,Census Tract 2292,G5020,S,445674,0,+33.9982715,-118.2608283,650054.957031,3284.75286317,A06037229200,229200,,34,US,1035,"BlockApportionment:US.BlockGroups;PointsLayer:US.BlockPoints",2.191,2.576,1,46
1036,06,037,267502,06037267502,2675.02,Census Tract 2675.02,G5020,S,434714,0,+34.0375502,-118.4621616,634646.199219,3286.98157934,A06037267502,267502,,35,US,1036,"BlockApportionment:US.BlockGroups;PointsLayer:US.BlockPoints",2.191,2.576,1,40
1037,06,037,212900,06037212900,2129,Census Tract 2129,G5020,S,373620,0,+34.0494541,-118.3215149,545607.878906,3296.48953114,A06037212900,212900,,36,US,1037,"BlockApportionment:US.BlockGroups;PointsLayer:US.BlockPoints",2.191,2.576,1,26
1038,06,037,224420,06037224420,2244.20,Census Tract 2244.20,G5020,S,358669,0,+34.0316496,-118.2769038,523559.351562,3304.94973942,A06037224420,224420,,37,US,1038,"BlockApportionment:US.BlockGroups;PointsLayer:US.BlockPoints",2.191,2.576,1,22
1039,06,037,242100,06037242100,2421,Census Tract 2421,G5020,S,459615,0,+33.9456299,-118.2323662,669566.898438,3328.63717592,A06037242100,242100,,38,US,1039,"BlockApportionment:US.BlockGroups;PointsLayer:US.BlockPoints",2.191,2.576,1,0
1040,06,037,228220,06037228220,2282.20,Census Tract 2282.20,G5020,S,366214,0,+34.0060455,-118.2513193,534251.734375,3349.53166202,A06037228220,228220,,39,US,1040,"BlockApportionment:US.BlockGroups;PointsLayer:US.BlockPoints",2.191,2.576,1,39
1041,06,037,229100,06037229100,2291,Census Tract 2291,G5020,S,475049,0,+33.9921607,-118.2520958,692800.316406,3366.82613574,A06037229100,229100,,40,US,1041,"BlockApportionment:US.BlockGroups;PointsLayer:US.BlockPoints",2.191,2.576,1,46
1042,06,037,192610,06037192610,1926.10,Census Tract 1926.10,G5020,S,415408,0,+34.0813650,-118.2961539,607082.382812,3370.03757555,A06037192610,192610,,41,US,1042,"BlockApportionment:US.BlockGroups;PointsLayer:US.BlockPoints",2.191,2.576,1,24
1043,06,037,227020,06037227020,2270.20,Census Tract 2270.20,G5020,S,440119,0,+34.0157537,-118.2519330,642214.523438,3374.40726323,A06037227020,227020,,42,US,1043,"BlockApportionment:US.BlockGroups;PointsLayer:US.BlockPoints",2.191,2.576,1,47
1044,06,037,228210,06037228210,2282.10,Census Tract 2282.10,G5020,S,411032,0,+34.0104120,-118.2534818,599695.121094,3381.8372851,A06037228210,228210,,43,US,1044,"BlockApportionment:US.BlockGroups;PointsLayer:US.BlockPoints",2.191,2.576,1,37
1045,06,037,205110,06037205110,2051.10,Census Tract 2051.10,G5020,S,286962,0,+34.0245059,-118.2142985,418812.578125,3396.38886069,A06037205110,205110,,44,US,1045,"BlockApportionment:US.BlockGroups;PointsLayer:US.BlockPoints",2.191,2.576,1,0
1046,06,037,228720,06037228720,2287.20,Census Tract 2287.20,G5020,S,404152,0,+33.9993670,-118.2499406,589504.507812,3406.48958441,A06037228720,228720,,45,US,1046,"BlockApportionment:US.BlockGroups;PointsLayer:US.BlockPoints",2.191,2.576,1,61
1047,06,037,228710,06037228710,2287.10,Census Tract 2287.10,G5020,S,404789,0,+33.9993679,-118.2542903,590433.285156,3410.98553431,A06037228710,228710,,46,US,1047,"BlockApportionment:US.BlockGroups;PointsLayer:US.BlockPoints",2.191,2.576,1,31
1048,06,037,237710,06037237710,2377.10,Census Tract 2377.10,G5020,S,432281,0,+33.9726959,-118.2861364,630139.578125,3455.24455093,A06037237710,237710,,47,US,1048,"BlockApportionment:US.BlockGroups;PointsLayer:US.BlockPoints",2.191,2.576,1,38
1049,06,037,113235,06037113235,1132.35,Census Tract 1132.35,G5020,S,1433646,0,+34.2382508,-118.6516805,2102877.43359,10690.0419272,A06037113235,113235,,48,US,1049,"BlockApportionment:US.BlockGroups;PointsLayer:US.BlockPoints",2.191,2.576,1,0
1050,06,037,236202,06037236202,2362.02,Census Tract 2362.02,G5020,S,441964,0,+34.0170719,-118.3530792,644924.265625,3492.17965388,A06037236202,236202,,49,US,1050,"BlockApportionment:US.BlockGroups;PointsLayer:US.BlockPoints",2.191,2.576,1,0
1051,06,037,231800,06037231800,2318,Census Tract 2318,G5020,S,520258,0,+34.0074446,-118.2774651,759001.542969,3510.57912773,A06037231800,231800,,0,US,1051,"BlockApportionment:US.BlockGroups;PointsLayer:US.BlockPoints",2.191,2.576,1,51
1052,06,037,229300,06037229300,2293,Census Tract 2293,G5020,S,502415,515,+33.9979135,-118.2706778,733561.273438,3512.77928736,A06037229300,229300,,1,US,1052,"BlockApportionment:US.BlockGroups;PointsLayer:US.BlockPoints",2.191,2.576,1,38
1053,06,037,192700,06037192700,1927,Census Tract 1927,G5020,S,531205,0,+34.0800134,-118.2881064,776285.664062,3543.20635931,A06037192700,192700,,2,US,1053,"BlockApportionment:US.BlockGroups;PointsLayer:US.BlockPoints",2.191,2.576,1,36
1054,06,037,228900,06037228900,2289,Census Tract 2289,G5020,S,515517,0,+33.9920544,-118.2430143,751810.445312,3553.6941155,A06037228900,228900,,3,US,1054,"BlockApportionment:US.BlockGroups;PointsLayer:US.BlockPoints",2.191,2.576,1,34
1055,06,037,239310,06037239310,2393.10,Census Tract 2393.10,G5020,S,534855,0,+33.9785291,-118.2773062,779773.132812,3563.5741086,A06037239310,239310,,4,US,1055,"BlockApportionment:US.BlockGroups;PointsLayer:US.BlockPoints",2.191,2.576,1,36
1056,06,037,229410,06037229410,2294.10,Census Tract 2294.10,G5020,S,542426,0,+33.9922359,-118.2695618,791060.628906,3572.23593358,A06037229410,229410,,5,US,1056,"BlockApportionment:US.BlockGroups;PointsLayer:US.BlockPoints",2.191,2.576,1,37
1057,06,037,232120,06037232120,2321.20,Census Tract 2321.20,G5020,S,521876,0,+33.9996748,-118.2839315,761223.128906,3583.5479811,A06037232120,232120,,6,US,1057,"BlockApportionment:US.BlockGroups;PointsLayer:US.BlockPoints",2.191,2.576,1,37
1058,06,037,195710,06037195710,1957.10,Census Tract 1957.10,G5020,S,483410,0,+34.0747292,-118.2686024,706354.355469,3597.75820822,A06037195710,195710,,7,US,1058,"BlockApportionment:US.BlockGroups;PointsLayer:US.BlockPoints",2.191,2.576,1,34
1059,06,037,195802,06037195802,1958.02,Census Tract 1958.02,G5020,S,402523,0,+34.0756705,-118.2776960,588174.871094,3658.33034402,A06037195802,195802,,8,US,1059,"BlockApportionment:US.BlockGroups;PointsLayer:US.BlockPoints",2.191,2.576,1,44
1060,06,037,229420,06037229420,2294.20,Census Tract 2294.20,G5020,S,584157,0,+33.9925311,-118.2608177,851924.15625,3699.57092579,A06037229420,229420,,9,US,1060,"BlockApportionment:US.BlockGroups;PointsLayer:US.BlockPoints",2.191,2.576,1,36
1061,06,037,231900,06037231900,2319,Census Tract 2319,G5020,S,568841,0,+33.9997716,-118.2773419,829735.113281,3714.9883352,A06037231900,231900,,10,US,1061,"BlockApportionment:US.BlockGroups;PointsLayer:US.BlockPoints",2.191,2.576,1,27
1062,06,037,271802,06037271802,2718.02,Census Tract 2718.02,G5020,S,577405,0,+34.0198929,-118.4124738,842619.382812,3724.42000657,A06037271802,271802,,11,US,1062,"BlockApportionment:US.BlockGroups;PointsLayer:US.BlockPoints",2.191,2.576,1,48
1063,06,037,228320,06037228320,2283.20,Census Tract 2283.20,G5020,S,337041,0,+34.0078219,-118.2636360,491708.996094,3758.25046482,A06037228320,228320,,12,US,1063,"BlockApportionment:US.BlockGroups;PointsLayer:US.BlockPoints",2.191,2.576,1,37
1064,06,037,231400,06037231400,2314,Census Tract 2314,G5020,S,621035,0,+34.0145548,-118.3129995,906172.769531,3811.2976328,A06037231400,231400,,13,US,1064,"BlockApportionment:US.BlockGroups;PointsLayer:US.BlockPoints",2.191,2.576,1,42
1065,06,037,213100,06037213100,2131,Census Tract 2131,G5020,S,537044,0,+34.0506364,-118.3126928,784280.464844,3870.3470761,A06037213100,213100,,14,US,1065,"BlockApportionment:US.BlockGroups;PointsLayer:US.BlockPoints",2.191,2.576,1,29
1066,06,037,241110,06037241110,2411.10,Census Tract 2411.10,G5020,S,486637,0,+33.9364940,-118.2716976,708776.578125,3877.83368068,A06037241110,241110,,15,US,1066,"BlockApportionment:US.BlockGroups;PointsLayer:US.BlockPoints",2.191,2.576,1,44
1067,06,037,272302,06037272302,2723.02,Census Tract 2723.02,G5020,S,505134,0,+34.0021096,-118.4274418,736844.285156,3889.28777902,A06037272302,272302,,16,US,1067,"BlockApportionment:US.BlockGroups;PointsLayer:US.BlockPoints",2.191,2.576,1,26
1068,06,037,242000,06037242000,2420,Census Tract 2420,G5020,S,646734,0,+33.9392821,-118.2502155,942017.644531,3873.65538553,A06037242000,242000,,17,US,1068,"BlockApportionment:US.BlockGroups;PointsLayer:US.BlockPoints",2.191,2.576,1,45
1069,06,037,231300,06037231300,2313,Census Tract 2313,G5020,S,657452,0,+34.0145164,-118.3045380,959314.535156,3918.89385234,A06037231300,231300,,18,US,1069,"BlockApportionment:US.BlockGroups;PointsLayer:US.BlockPoints",2.191,2.576,1,44
1070,06,037,235201,06037235201,2352.01,Census Tract 2352.01,G5020,S,652606,0,+33.9745535,-118.3221148,951355.429688,3925.35742999,A06037235201,235201,,19,US,1070,"BlockApportionment:US.BlockGroups;PointsLayer:US.BlockPoints",2.191,2.576,1,47
1071,06,037,243100,06037243100,2431,Census Tract 2431,G5020,S,607019,0,+33.9327963,-118.2350934,884037.175781,3928.43856223,A06037243100,243100,,20,US,1071,"BlockApportionment:US.BlockGroups;PointsLayer:US.BlockPoints",2.191,2.576,1,35
1072,06,037,273600,06037273600,2736,Census Tract 2736,G5020,S,588642,0,+33.9933608,-118.4599433,858493.859375,3961.88481958,A06037273600,273600,,21,US,1072,"BlockApportionment:US.BlockGroups;PointsLayer:US.BlockPoints",2.191,2.576,1,42
1073,06,037,224700,06037224700,2247,Census Tract 2247,G5020,S,635819,0,+34.0262403,-118.2800160,928002.527344,3983.25832913,A06037224700,224700,,22,US,1073,"BlockApportionment:US.BlockGroups;PointsLayer:US.BlockPoints",2.191,2.576,1,0
1074,06,037,232200,06037232200,2322,Census Tract 2322,G5020,S,522957,0,+34.0017243,-118.2978735,762837.582031,3996.85647051,A06037232200,232200,,23,US,1074,"BlockApportionment:US.BlockGroups;PointsLayer:US.BlockPoints",2.191,2.576,1,38
1075,06,037,192410,06037192410,1924.10,Census Tract 1924.10,G5020,S,683899,0,+34.0798577,-118.3181008,999428.261719,3999.12790761,A06037192410,192410,,24,US,1075,"BlockApportionment:US.BlockGroups;PointsLayer:US.BlockPoints",2.191,2.576,1,40
1076,06,037,241400,06037241400,2414,Census Tract 2414,G5020,S,575556,0,+33.9255825,-118.2755595,838078.363281,4054.45298201,A06037241400,241400,,25,US,1076,"BlockApportionment:US.BlockGroups;PointsLayer:US.BlockPoints",2.191,2.576,1,38
1077,06,037,195300,06037195300,1953,Census Tract 1953,G5020,S,580349,0,+34.0992506,-118.2836893,848490.296875,4077.36546177,A06037195300,195300,,26,US,1077,"BlockApportionment:US.BlockGroups;PointsLayer:US.BlockPoints",2.191,2.576,1,53
1078,06,037,243000,06037243000,2430,Census Tract 2430,G5020,S,717347,0,+33.9395183,-118.2336919,1044884.57422,4083.84735699,A06037243000,243000,,27,US,1078,"BlockApportionment:US.BlockGroups;PointsLayer:US.BlockPoints",2.191,2.576,1,48
1079,06,037,195600,06037195600,1956,Census Tract 1956,G5020,S,527583,0,+34.0808254,-118.2655482,771006.570312,4113.23650765,A06037195600,195600,,28,US,1079,"BlockApportionment:US.BlockGroups;PointsLayer:US.BlockPoints",2.191,2.576,1,46
1080,06,037,224600,06037224600,2246,Census Tract 2246,G5020,S,718926,0,+34.0222989,-118.2718023,1049201.51953,4124.33189747,A06037224600,224600,,29,US,1080,"BlockApportionment:US.BlockGroups;PointsLayer:US.BlockPoints",2.191,2.576,1,63
1081,06,037,273300,06037273300,2733,Census Tract 2733,G5020,S,571893,0,+33.9955518,-118.4722036,834101.238281,4135.51471187,A06037273300,273300,,30,US,1081,"BlockApportionment:US.BlockGroups;PointsLayer:US.BlockPoints",2.191,2.576,1,24
1082,06,037,228310,06037228310,2283.10,Census Tract 2283.10,G5020,S,546319,0,+34.0113510,-118.2624160,797093.933594,4141.37708901,A06037228310,228310,,31,US,1082,"BlockApportionment:US.BlockGroups;PointsLayer:US.BlockPoints",2.191,2.576,1,74
1083,06,037,240200,06037240200,2402,Census Tract 2402,G5020,S,746814,0,+33.9560337,-118.2761415,1088218.40234,4154.14115473,A06037240200,240200,,32,US,1083,"BlockApportionment:US.BlockGroups;PointsLayer:US.BlockPoints",2.191,2.576,1,54
1084,06,037,240600,06037240600,2406,Census Tract 2406,G5020,S,675863,0,+33.9469450,-118.2684059,984619.824219,4157.16835827,A06037240600,240600,,33,US,1084,"BlockApportionment:US.BlockGroups;PointsLayer:US.BlockPoints",2.191,2.576,1,56
1085,06,037,232700,06037232700,2327,Census Tract 2327,G5020,S,731203,0,+33.9923463,-118.2858534,1066371.75781,4232.88205153,A06037232700,232700,,34,US,1085,"BlockApportionment:US.BlockGroups;PointsLayer:US.BlockPoints",2.191,2.576,1,42
1086,06,037,273200,06037273200,2732,Census Tract 2732,G5020,S,641916,0,+33.9975862,-118.4669749,936274.707031,4236.81306357,A06037273200,273200,,35,US,1086,"BlockApportionment:US.BlockGroups;PointsLayer:US.BlockPoints",2.191,2.576,1,35
1087,06,037,232300,06037232300,2323,Census Tract 2323,G5020,S,628761,0,+33.9974228,-118.2981841,917083.605469,4247.3293004,A06037232300,232300,,36,US,1087,"BlockApportionment:US.BlockGroups;PointsLayer:US.BlockPoints",2.191,2.576,1,50
1088,06,037,241120,06037241120,2411.20,Census Tract 2411.20,G5020,S,663697,0,+33.9364446,-118.2768362,966661.382812,4271.31990047,A06037241120,241120,,37,US,1088,"BlockApportionment:US.BlockGroups;PointsLayer:US.BlockPoints",2.191,2.576,1,39
1089,06,037,232500,06037232500,2325,Census Tract 2325,G5020,S,767691,0,+33.9920834,-118.3108167,1119580.12109,4400.3361914,A06037232500,232500,,38,US,1089,"BlockApportionment:US.BlockGroups;PointsLayer:US.BlockPoints",2.191,2.576,1,40
1090,06,037,240300,06037240300,2403,Census Tract 2403,G5020,S,813527,0,+33.9564095,-118.2861229,1185441.96484,4413.74799848,A06037240300,240300,,39,US,1090,"BlockApportionment:US.BlockGroups;PointsLayer:US.BlockPoints",2.191,2.576,1,50
1091,06,037,269800,06037269800,2698,Census Tract 2698,G5020,S,467088,0,+34.0320450,-118.3968111,681820.917969,4429.55276343,A06037269800,269800,,40,US,1091,"BlockApportionment:US.BlockGroups;PointsLayer:US.BlockPoints",2.191,2.576,1,51
1092,06,037,206020,06037206020,2060.20,Census Tract 2060.20,G5020,S,843243,30290,+34.0571230,-118.2311021,1275889.89062,4431.09297266,A06037206020,206020,,41,US,1092,"BlockApportionment:US.BlockGroups;PointsLayer:US.BlockPoints",2.191,2.576,1,0
1093,06,037,240010,06037240010,2400.10,Census Tract 2400.10,G5020,S,588432,0,+33.9583159,-118.2637832,857479.007812,4487.66089292,A06037240010,240010,,42,US,1093,"BlockApportionment:US.BlockGroups;PointsLayer:US.BlockPoints",2.191,2.576,1,44
1094,06,037,267700,06037267700,2677,Census Tract 2677,G5020,S,814658,0,+34.0387217,-118.4441579,1189365.88672,4490.08402714,A06037267700,267700,,43,US,1094,"BlockApportionment:US.BlockGroups;PointsLayer:US.BlockPoints",2.191,2.576,1,56
1095,06,037,702300,06037702300,7023,Census Tract 7023,G5020,S,2599720,0,+34.0183110,-118.4559536,3793681.63672,7783.59719387,A06037702300,702300,,44,US,1095,"BlockApportionment:US.BlockGroups;PointsLayer:US.BlockPoints",2.191,2.576,1,0
1096,06,037,240500,06037240500,2405,Census Tract 2405,G5020,S,812533,0,+33.9469270,-118.2756654,1183721.8125,4513.54095878,A06037240500,240500,,45,US,1096,"BlockApportionment:US.BlockGroups;PointsLayer:US.BlockPoints",2.191,2.576,1,44
1097,06,037,232600,06037232600,2326,Census Tract 2326,G5020,S,795281,0,+33.9920924,-118.2979984,1159812.71094,4517.11909038,A06037232600,232600,,46,US,1097,"BlockApportionment:US.BlockGroups;PointsLayer:US.BlockPoints",2.191,2.576,1,47
1098,06,037,265420,06037265420,2654.20,Census Tract 2654.20,G5020,S,730767,0,+34.0704417,-118.4594426,1067681.04297,4547.17942471,A06037265420,265420,,47,US,1098,"BlockApportionment:US.BlockGroups;PointsLayer:US.BlockPoints",2.191,2.576,1,49
1099,06,037,228800,06037228800,2288,Census Tract 2288,G5020,S,844484,0,+33.9992469,-118.2432565,1231776.20703,4551.62260314,A06037228800,228800,,48,US,1099,"BlockApportionment:US.BlockGroups;PointsLayer:US.BlockPoints",2.191,2.576,1,42
1100,06,037,541001,06037541001,5410.01,Census Tract 5410.01,G5020,S,2609459,0,+33.8934521,-118.2749503,3796834.51172,7916.89662798,A06037541001,541001,,49,US,1100,"BlockApportionment:US.BlockGroups;PointsLayer:US.BlockPoints",2.191,2.576,0,0
1101,06,037,269100,06037269100,2691,Census Tract 2691,G5020,S,839267,0,+34.0530704,-118.3948253,1225711.68359,4589.66061662,A06037269100,269100,,0,US,1101,"BlockApportionment:US.BlockGroups;PointsLayer:US.BlockPoints",2.191,2.576,1,35
1102,06,037,272301,06037272301,2723.01,Census Tract 2723.01,G5020,S,604024,0,+34.0050155,-118.4222404,881160.839844,4687.30035444,A06037272301,272301,,1,US,1102,"BlockApportionment:US.BlockGroups;PointsLayer:US.BlockPoints",2.191,2.576,1,44
1103,06,037,204920,06037204920,2049.20,Census Tract 2049.20,G5020,S,909972,0,+34.0175004,-118.1974975,1327870.45312,4711.6072065,A06037204920,204920,,2,US,1103,"BlockApportionment:US.BlockGroups;PointsLayer:US.BlockPoints",2.191,2.576,1,42
1104,06,037,231100,06037231100,2311,Census Tract 2311,G5020,S,894058,0,+34.0152478,-118.2765579,1304576.06641,4756.48557147,A06037231100,231100,,3,US,1104,"BlockApportionment:US.BlockGroups;PointsLayer:US.BlockPoints",2.191,2.576,1,40
1105,06,037,242200,06037242200,2422,Census Tract 2422,G5020,S,813234,0,+33.9486636,-118.2391843,1184797.46875,4757.06994279,A06037242200,242200,,4,US,1105,"BlockApportionment:US.BlockGroups;PointsLayer:US.BlockPoints",2.191,2.576,1,35
1106,06,037,234200,06037234200,2342,Census Tract 2342,G5020,S,882910,0,+34.0164074,-118.3311523,1288341.46094,4797.50672072,A06037234200,234200,,5,US,1106,"BlockApportionment:US.BlockGroups;PointsLayer:US.BlockPoints",2.191,2.576,1,58
1107,06,037,271500,06037271500,2715,Census Tract 2715,G5020,S,910076,0,+34.0166822,-118.4382414,1327992.61719,4809.00846216,A06037271500,271500,,6,US,1107,"BlockApportionment:US.BlockGroups;PointsLayer:US.BlockPoints",2.191,2.576,1,39
1108,06,037,231600,06037231600,2316,Census Tract 2316,G5020,S,954663,0,+34.0072734,-118.2980319,1392749.05859,4819.18612997,A06037231600,231600,,7,US,1108,"BlockApportionment:US.BlockGroups;PointsLayer:US.BlockPoints",2.191,2.576,1,38
1109,06,037,231220,06037231220,2312.20,Census Tract 2312.20,G5020,S,965180,0,+34.0145635,-118.2893753,1408329.21484,4849.37081153,A06037231220,231220,,8,US,1109,"BlockApportionment:US.BlockGroups;PointsLayer:US.BlockPoints",2.191,2.576,1,31
1110,06,037,235202,06037235202,2352.02,Census Tract 2352.02,G5020,S,851553,0,+33.9730801,-118.3303760,1241333.30469,4864.4853805,A06037235202,235202,,9,US,1110,"BlockApportionment:US.BlockGroups;PointsLayer:US.BlockPoints",2.191,2.576,1,30
1111,06,037,265520,06037265520,2655.20,Census Tract 2655.20,G5020,S,767203,0,+34.0513710,-118.4423976,1120417.45312,4942.84333167,A06037265520,265520,,10,US,1111,"BlockApportionment:US.BlockGroups;PointsLayer:US.BlockPoints",2.191,2.576,1,65
1112,06,037,239330,06037239330,2393.30,Census Tract 2393.30,G5020,S,979523,0,+33.9783876,-118.2631028,1428052.77734,4944.0752459,A06037239330,239330,,11,US,1112,"BlockApportionment:US.BlockGroups;PointsLayer:US.BlockPoints",2.191,2.576,1,44
1113,06,037,240800,06037240800,2408,Census Tract 2408,G5020,S,630658,7788,+33.9397052,-118.2618930,929958.824219,4973.41748781,A06037240800,240800,,12,US,1113,"BlockApportionment:US.BlockGroups;PointsLayer:US.BlockPoints",2.191,2.576,1,44
1114,06,037,294830,06037294830,2948.30,Census Tract 2948.30,G5020,S,885881,0,+33.7729434,-118.2670110,1285385.30469,5025.82435607,A06037294830,294830,,13,US,1114,"BlockApportionment:US.BlockGroups;PointsLayer:US.BlockPoints",2.191,2.576,1,58
1115,06,037,270300,06037270300,2703,Census Tract 2703,G5020,S,963534,13000,+34.0399075,-118.3708123,1425742.79297,5033.91552443,A06037270300,270300,,14,US,1115,"BlockApportionment:US.BlockGroups;PointsLayer:US.BlockPoints",2.191,2.576,1,51
1116,06,037,271200,06037271200,2712,Census Tract 2712,G5020,S,524468,0,+34.0313918,-118.4420025,765574.359375,5034.51476507,A06037271200,271200,,15,US,1116,"BlockApportionment:US.BlockGroups;PointsLayer:US.BlockPoints",2.191,2.576,1,50
1117,06,037,271701,06037271701,2717.01,Census Tract 2717.01,G5020,S,997063,0,+34.0271150,-118.4192255,1455278.16016,5083.69822814,A06037271701,271701,,16,US,1117,"BlockApportionment:US.BlockGroups;PointsLayer:US.BlockPoints",2.191,2.576,1,41
1118,06,037,232400,06037232400,2324,Census Tract 2324,G5020,S,1112949,0,+33.9993836,-118.3108346,1623373.45703,5119.14085147,A06037232400,232400,,17,US,1118,"BlockApportionment:US.BlockGroups;PointsLayer:US.BlockPoints",2.191,2.576,1,44
1119,06,037,139200,06037139200,1392,Census Tract 1392,G5020,S,1152028,0,+34.1756961,-118.5246446,1687312.1875,5170.05406633,A06037139200,139200,,18,US,1119,"BlockApportionment:US.BlockGroups;PointsLayer:US.BlockPoints",2.191,2.576,1,59
1120,06,037,143200,06037143200,1432,Census Tract 1432,G5020,S,957093,0,+34.1494399,-118.3720618,1400949.48047,5182.11925091,A06037143200,143200,,19,US,1120,"BlockApportionment:US.BlockGroups;PointsLayer:US.BlockPoints",2.191,2.576,1,49
1121,06,037,271100,06037271100,2711,Census Tract 2711,G5020,S,804371,0,+34.0339126,-118.4268131,1174224.32422,5205.34373079,A06037271100,271100,,20,US,1121,"BlockApportionment:US.BlockGroups;PointsLayer:US.BlockPoints",2.191,2.576,1,53
1122,06,037,240900,06037240900,2409,Census Tract 2409,G5020,S,1057639,12765,+33.9347980,-118.2605452,1558955.39453,5244.87199431,A06037240900,240900,,21,US,1122,"BlockApportionment:US.BlockGroups;PointsLayer:US.BlockPoints",2.191,2.576,1,50
1123,06,037,267100,06037267100,2671,Census Tract 2671,G5020,S,1103958,0,+34.0525736,-118.4245499,1612256.00391,5252.1624569,A06037267100,267100,,22,US,1123,"BlockApportionment:US.BlockGroups;PointsLayer:US.BlockPoints",2.191,2.576,1,42
1124,06,037,270200,06037270200,2702,Census Tract 2702,G5020,S,758090,6115,+34.0328855,-118.3797742,1115570.08203,5270.60521643,A06037270200,270200,,23,US,1124,"BlockApportionment:US.BlockGroups;PointsLayer:US.BlockPoints",2.191,2.576,1,44
1125,06,037,242700,06037242700,2427,Census Tract 2427,G5020,S,1015217,0,+33.9363535,-118.2426485,1478644.51172,5289.04031612,A06037242700,242700,,24,US,1125,"BlockApportionment:US.BlockGroups;PointsLayer:US.BlockPoints",2.191,2.576,1,61
1126,06,037,271400,06037271400,2714,Census Tract 2714,G5020,S,1149044,0,+34.0100779,-118.4473997,1676435.01953,5340.35067862,A06037271400,271400,,25,US,1126,"BlockApportionment:US.BlockGroups;PointsLayer:US.BlockPoints",2.191,2.576,1,59
1127,06,037,269700,06037269700,2697,Census Tract 2697,G5020,S,897605,0,+34.0363360,-118.3871530,1310395.51562,5437.78870056,A06037269700,269700,,26,US,1127,"BlockApportionment:US.BlockGroups;PointsLayer:US.BlockPoints",2.191,2.576,1,56
1128,06,037,267200,06037267200,2672,Census Tract 2672,G5020,S,1175765,0,+34.0456511,-118.4371983,1716846.05469,5452.93626173,A06037267200,267200,,27,US,1128,"BlockApportionment:US.BlockGroups;PointsLayer:US.BlockPoints",2.191,2.576,1,48
1129,06,037,194500,06037194500,1945,Census Tract 1945,G5020,S,685341,0,+34.0781753,-118.3695958,1001492.58984,5513.36134878,A06037194500,194500,,28,US,1129,"BlockApportionment:US.BlockGroups;PointsLayer:US.BlockPoints",2.191,2.576,1,36
1130,06,037,267800,06037267800,2678,Census Tract 2678,G5020,S,1151184,0,+34.0395800,-118.4306812,1680715.71094,5482.75419898,A06037267800,267800,,29,US,1130,"BlockApportionment:US.BlockGroups;PointsLayer:US.BlockPoints",2.191,2.576,1,40
1131,06,037,236100,06037236100,2361,Census Tract 2361,G5020,S,1130674,0,+34.0126393,-118.3402131,1649734.30469,5495.00714586,A06037236100,236100,,30,US,1131,"BlockApportionment:US.BlockGroups;PointsLayer:US.BlockPoints",2.191,2.576,1,24
1132,06,037,240700,06037240700,2407,Census Tract 2407,G5020,S,1194494,0,+33.9470153,-118.2593919,1740192.05469,5531.25136052,A06037240700,240700,,31,US,1132,"BlockApportionment:US.BlockGroups;PointsLayer:US.BlockPoints",2.191,2.576,1,55
1133,06,037,201302,06037201302,2013.02,Census Tract 2013.02,G5020,S,991728,0,+34.0978820,-118.1838819,1449886.85156,5531.98247894,A06037201302,201302,,32,US,1133,"BlockApportionment:US.BlockGroups;PointsLayer:US.BlockPoints",2.191,2.576,1,74
1134,06,037,207400,06037207400,2074,Census Tract 2074,G5020,S,862957,6458,+34.0562223,-118.2466420,1269816.5,5588.74989214,A06037207400,207400,,33,US,1134,"BlockApportionment:US.BlockGroups;PointsLayer:US.BlockPoints",2.191,2.576,1,0
1135,06,037,267600,06037267600,2676,Census Tract 2676,G5020,S,1269482,0,+34.0340912,-118.4524492,1853190.40234,5606.58952982,A06037267600,267600,,34,US,1135,"BlockApportionment:US.BlockGroups;PointsLayer:US.BlockPoints",2.191,2.576,1,48
1136,06,037,265700,06037265700,2657,Census Tract 2657,G5020,S,1233092,0,+34.0632000,-118.4236856,1801291.63281,5613.86086791,A06037265700,265700,,35,US,1136,"BlockApportionment:US.BlockGroups;PointsLayer:US.BlockPoints",2.191,2.576,1,31
1137,06,037,228100,06037228100,2281,Census Tract 2281,G5020,S,1003327,0,+34.0096170,-118.2439607,1463828.33984,5626.08316958,A06037228100,228100,,36,US,1137,"BlockApportionment:US.BlockGroups;PointsLayer:US.BlockPoints",2.191,2.576,1,70
1138,06,037,273100,06037273100,2731,Census Tract 2731,G5020,S,1175328,0,+34.0034847,-118.4597995,1714524.33203,5700.74614659,A06037273100,273100,,37,US,1138,"BlockApportionment:US.BlockGroups;PointsLayer:US.BlockPoints",2.191,2.576,1,51
1139,06,037,201401,06037201401,2014.01,Census Tract 2014.01,G5020,S,1279500,28686,+34.0782936,-118.1857852,1911762.33594,5706.54434974,A06037201401,201401,,38,US,1139,"BlockApportionment:US.BlockGroups;PointsLayer:US.BlockPoints",2.191,2.576,1,50
1140,06,037,703200,06037703200,7032,Census Tract 7032,G5020,S,2106455,0,+33.9985885,-118.3401633,3072462.98438,8404.13643276,A06037703200,703200,,39,US,1140,"BlockApportionment:US.BlockGroups;PointsLayer:US.BlockPoints",2.191,2.576,0,0
1141,06,037,219700,06037219700,2197,Census Tract 2197,G5020,S,1092488,0,+34.0277561,-118.3490693,1594583.33984,6112.9112113,A06037219700,219700,,40,US,1141,"BlockApportionment:US.BlockGroups;PointsLayer:US.BlockPoints",2.191,2.576,1,48
1142,06,111,007405,06111007405,74.05,Census Tract 74.05,G5020,S,38881089,0,+34.1885816,-118.7204097,56964533.4023,45382.5958502,A06111007405,7405,,41,US,1142,"BlockApportionment:US.BlockGroups;PointsLayer:US.BlockPoints",2.191,2.576,0,0
1143,06,037,541002,06037541002,5410.02,Census Tract 5410.02,G5020,S,3430374,469,+33.8751243,-118.2728118,4989938.42578,9506.58537574,A06037541002,541002,,42,US,1143,"BlockApportionment:US.BlockGroups;PointsLayer:US.BlockPoints",2.191,2.576,0,0
1144,06,037,234000,06037234000,2340,Census Tract 2340,G5020,S,1241882,0,+34.0120868,-118.3214867,1811970.62891,6474.80742238,A06037234000,234000,,43,US,1144,"BlockApportionment:US.BlockGroups;PointsLayer:US.BlockPoints",2.191,2.576,1,45
1145,06,037,463800,06037463800,4638,Census Tract 4638,G5020,S,2843526,24382,+34.1341118,-118.1745514,4196389.69922,11057.8727858,A06037463800,463800,,44,US,1145,"BlockApportionment:US.BlockGroups;PointsLayer:US.BlockPoints",2.191,2.576,0,0
1146,06,037,269500,06037269500,2695,Census Tract 2695,G5020,S,1384207,0,+34.0433812,-118.3937878,2021109.66406,6652.63009071,A06037269500,269500,,45,US,1146,"BlockApportionment:US.BlockGroups;PointsLayer:US.BlockPoints",2.191,2.576,1,56
1147,06,111,007511,06111007511,75.11,Census Tract 75.11,G5020,S,26458409,2126,+34.2269369,-118.6788342,38800638.6797,45767.3471962,A06111007511,7511,,46,US,1147,"BlockApportionment:US.BlockGroups;PointsLayer:US.BlockPoints",2.191,2.576,0,0
1148,06,037,201402,06037201402,2014.02,Census Tract 2014.02,G5020,S,1941232,0,+34.0689106,-118.1877681,2836120.94141,7003.34531404,A06037201402,201402,,47,US,1148,"BlockApportionment:US.BlockGroups;PointsLayer:US.BlockPoints",2.191,2.576,1,57
1149,06,037,137502,06037137502,1375.02,Census Tract 1375.02,G5020,S,2090222,0,+34.1634518,-118.5976927,3060563.70312,7101.79895338,A06037137502,137502,,48,US,1149,"BlockApportionment:US.BlockGroups;PointsLayer:US.BlockPoints",2.191,2.576,1,71
1150,06,037,271300,06037271300,2713,Census Tract 2713,G5020,S,1462545,0,+34.0259651,-118.4413459,2134624.13281,7125.9389228,A06037271300,271300,,49,US,1150,"BlockApportionment:US.BlockGroups;PointsLayer:US.BlockPoints",2.191,2.576,1,51
1151,06,037,201301,06037201301,2013.01,Census Tract 2013.01,G5020,S,866187,0,+34.0882421,-118.1878388,1266062.89844,7211.37928511,A06037201301,201301,,0,US,1151,"BlockApportionment:US.BlockGroups;PointsLayer:US.BlockPoints",2.191,2.576,1,48
1152,06,037,143300,06037143300,1433,Census Tract 1433,G5020,S,1649223,5619,+34.1521830,-118.3866139,2422478.375,7335.99300236,A06037143300,143300,,1,US,1152,"BlockApportionment:US.BlockGroups;PointsLayer:US.BlockPoints",2.191,2.576,1,46
1153,06,037,195500,06037195500,1955,Census Tract 1955,G5020,S,1215212,0,+34.0881865,-118.2646124,1776214.16797,7364.24333119,A06037195500,195500,,2,US,1153,"BlockApportionment:US.BlockGroups;PointsLayer:US.BlockPoints",2.191,2.576,1,55
1154,06,037,205120,06037205120,2051.20,Census Tract 2051.20,G5020,S,1466130,0,+34.0187546,-118.2117956,2139491.25781,7387.81197894,A06037205120,205120,,3,US,1154,"BlockApportionment:US.BlockGroups;PointsLayer:US.BlockPoints",2.191,2.576,1,44
1155,06,037,269300,06037269300,2693,Census Tract 2693,G5020,S,2205507,3034,+34.0444598,-118.4122005,3224513.94531,7491.17062098,A06037269300,269300,,4,US,1155,"BlockApportionment:US.BlockGroups;PointsLayer:US.BlockPoints",2.191,2.576,1,51
1156,06,037,206010,06037206010,2060.10,Census Tract 2060.10,G5020,S,1418137,20551,+34.0682177,-118.2320356,2101911.53516,7762.70835883,A06037206010,206010,,5,US,1156,"BlockApportionment:US.BlockGroups;PointsLayer:US.BlockPoints",2.191,2.576,1,39
1157,06,037,195100,06037195100,1951,Census Tract 1951,G5020,S,1566302,329063,+34.1022274,-118.2669741,2771181.85938,8009.32308451,A06037195100,195100,,6,US,1157,"BlockApportionment:US.BlockGroups;PointsLayer:US.BlockPoints",2.191,2.576,1,52
1158,06,037,264302,06037264302,2643.02,Census Tract 2643.02,G5020,S,1690101,0,+34.0472018,-118.4768542,2467972.74219,8152.24504354,A06037264302,264302,,7,US,1158,"BlockApportionment:US.BlockGroups;PointsLayer:US.BlockPoints",2.191,2.576,1,27
1159,06,037,264000,06037264000,2640,Census Tract 2640,G5020,S,1868031,0,+34.0545499,-118.4815022,2728263.05469,8462.27749602,A06037264000,264000,,8,US,1159,"BlockApportionment:US.BlockGroups;PointsLayer:US.BlockPoints",2.191,2.576,1,49
1160,06,037,137501,06037137501,1375.01,Census Tract 1375.01,G5020,S,2514414,0,+34.1649344,-118.5768036,3681809.625,8932.12071451,A06037137501,137501,,9,US,1160,"BlockApportionment:US.BlockGroups;PointsLayer:US.BlockPoints",2.191,2.576,1,41
1161,06,037,206050,06037206050,2060.50,Census Tract 2060.50,G5020,S,1643426,94606,+34.0299036,-118.2244531,2537037.64844,9387.0061517,A06037206050,206050,,10,US,1161,"BlockApportionment:US.BlockGroups;PointsLayer:US.BlockPoints",2.191,2.576,1,0
1162,06,037,134424,06037134424,1344.24,Census Tract 1344.24,G5020,S,3710997,0,+34.2135692,-118.6565610,5440158.38281,10094.0220563,A06037134424,134424,,11,US,1162,"BlockApportionment:US.BlockGroups;PointsLayer:US.BlockPoints",2.191,2.576,1,76
1163,06,037,269000,06037269000,2690,Census Tract 2690,G5020,S,2294749,0,+34.0433250,-118.4043050,3350508.21484,11104.4746362,A06037269000,269000,,12,US,1163,"BlockApportionment:US.BlockGroups;PointsLayer:US.BlockPoints",2.191,2.576,1,41
1164,06,037,138000,06037138000,1380,Census Tract 1380,G5020,S,4472197,0,+34.1488008,-118.5910495,6546087.71875,11522.6128845,A06037138000,138000,,13,US,1164,"BlockApportionment:US.BlockGroups;PointsLayer:US.BlockPoints",2.191,2.576,1,74
1165,06,037,141500,06037141500,1415,Census Tract 1415,G5020,S,3331525,0,+34.1405078,-118.4786426,4875501.04297,11693.5210275,A06037141500,141500,,14,US,1165,"BlockApportionment:US.BlockGroups;PointsLayer:US.BlockPoints",2.191,2.576,1,49
1166,06,037,262302,06037262302,2623.02,Census Tract 2623.02,G5020,S,3063535,0,+34.0751234,-118.4768411,4476449.82422,11955.6365158,A06037262302,262302,,15,US,1166,"BlockApportionment:US.BlockGroups;PointsLayer:US.BlockPoints",2.191,2.576,1,49
1167,06,037,137504,06037137504,1375.04,Census Tract 1375.04,G5020,S,3837562,0,+34.1480383,-118.5720594,5617051.625,12131.4741342,A06037137504,137504,,16,US,1167,"BlockApportionment:US.BlockGroups;PointsLayer:US.BlockPoints",2.191,2.576,1,63
1168,06,037,532400,06037532400,5324,Census Tract 5324,G5020,S,12497802,442625,+34.0029371,-118.2109137,18876442.2617,25375.1010881,A06037532400,532400,,17,US,1168,"BlockApportionment:US.BlockGroups;PointsLayer:US.BlockPoints",2.191,2.576,0,0
1169,06,037,236000,06037236000,2360,Census Tract 2360,G5020,S,3953001,68544,+34.0122748,-118.3623219,5867505.19141,11651.6032853,A06037236000,236000,,18,US,1169,"BlockApportionment:US.BlockGroups;PointsLayer:US.BlockPoints",2.191,2.576,1,52
1170,06,037,106603,06037106603,1066.03,Census Tract 1066.03,G5020,S,15302667,3978,+34.3121073,-118.5243083,22493971.2617,22799.1343286,A06037106603,106603,,19,US,1170,"BlockApportionment:US.BlockGroups;PointsLayer:US.BlockPoints",2.191,2.576,1,94
1171,06,037,261200,06037261200,2612,Census Tract 2612,G5020,S,7267513,323001,+34.1132765,-118.4418058,11101045.332,21982.8244089,A06037261200,261200,,20,US,1171,"BlockApportionment:US.BlockGroups;PointsLayer:US.BlockPoints",2.191,2.576,1,59
